dataset,shared_label,source_url,split,image_id,local_path,download_status
PlantDoc,tomato_late_blight,https://raw.githubusercontent.com/pratikkayal/PlantDoc-Dataset/master/train/Tomato%20leaf%20late%20blight/Fig.%252014_opta.jpg,train,image_0000,/content/selected_images/PlantDoc/train/tomato_late_blight/image_0000.jpg,cached
PlantVillage,tomato_septoria_leaf_spot,https://raw.githubusercontent.com/spMohanty/PlantVillage-Dataset/master/raw/color/Tomato___Septoria_leaf_spot/62190912-91d4-45f0-8156-96de7a6fc4d8___Keller.St_CG%202032.JPG,train,image_0001,/content/selected_images/PlantVillage/train/tomato_septoria_leaf_spot/image_0001.jpg,cached
PlantVillage,tomato_late_blight,https://raw.githubusercontent.com/spMohanty/PlantVillage-Dataset/master/raw/color/Tomato___Late_blight/bb058b97-a4b8-4a36-8179-2a8fa186085c___RS_Late.B%204927.JPG,train,image_0002,/content/selected_images/PlantVillage/train/tomato_late_blight/image_0002.jpg,cached
PlantDoc,tomato_leaf_mould,https://raw.githubusercontent.com/pratikkayal/PlantDoc-Dataset/master/train/Tomato%20mold%20leaf/leaf_mold_tomato5x1200.jpg,train,image_0003,/content/selected_images/PlantDoc/train/tomato_leaf_mould/image_0003.jpg,cached
PlantDoc,tomato_septoria_leaf_spot,https://raw.githubusercontent.com/pratikkayal/PlantDoc-Dataset/master/train/Tomato%20Septoria%20leaf%20spot/septoria_leaf_spot_of_tomato-1500x750.jpg,train,image_0004,/content/selected_images/PlantDoc/train/tomato_septoria_leaf_spot/image_0004.jpg,cached
PlantVillage,tomato_early_blight,https://raw.githubusercontent.com/spMohanty/PlantVillage-Dataset/master/raw/color/Tomato___Early_blight/0f4e562d-77ee-47c2-8ee9-34b391bc0fc3___RS_Erly.B%209434.JPG,test,image_0005,/content/selected_images/PlantVillage/test/tomato_early_blight/image_0005.jpg,cached
PlantVillage,tomato_bacterial_spot,https://raw.githubusercontent.com/spMohanty/PlantVillage-Dataset/master/raw/color/Tomato___Bacterial_spot/dbbb04ee-e2ea-4c76-bf67-c3a0aa708407___UF.GRC_BS_Lab%20Leaf%200508.JPG,train,image_0006,/content/selected_images/PlantVillage/train/tomato_bacterial_spot/image_0006.jpg,cached
PlantVillage,tomato_late_blight,https://raw.githubusercontent.com/spMohanty/PlantVillage-Dataset/master/raw/color/Tomato___Late_blight/0ab172fa-ac7b-4a3e-90c8-0708703eb3bb___RS_Late.B%205572.JPG,train,image_0007,/content/selected_images/PlantVillage/train/tomato_late_blight/image_0007.jpg,cached
PlantVillage,pepper_leaf_spot,https://raw.githubusercontent.com/spMohanty/PlantVillage-Dataset/master/raw/color/Pepper%2C_bell___Bacterial_spot/a82938f7-bbd4-4ccd-8482-f596735744a5___JR_B.Spot%203305.JPG,train,image_0008,/content/selected_images/PlantVillage/train/pepper_leaf_spot/image_0008.jpg,cached
PlantDoc,tomato_leaf_mould,https://raw.githubusercontent.com/pratikkayal/PlantDoc-Dataset/master/train/Tomato%20mold%20leaf/top-leaf-mold-Fulva-fulvea-WN.jpg,train,image_0009,/content/selected_images/PlantDoc/train/tomato_leaf_mould/image_0009.jpg,cached
PlantDoc,pepper_leaf_spot,https://raw.githubusercontent.com/pratikkayal/PlantDoc-Dataset/master/train/Bell_pepper%20leaf%20spot/file.php%3Fid%3D5336%26t%3D1.jpg,train,image_0010,/content/selected_images/PlantDoc/train/pepper_leaf_spot/image_0010.jpg,cached
PlantVillage,pepper_leaf_spot,https://raw.githubusercontent.com/spMohanty/PlantVillage-Dataset/master/raw/color/Pepper%2C_bell___Bacterial_spot/dd2bf52d-685d-4feb-ac7e-846cbd29d9c3___JR_B.Spot%208891.JPG,test,image_0011,/content/selected_images/PlantVillage/test/pepper_leaf_spot/image_0011.jpg,cached
PlantVillage,tomato_bacterial_spot,https://raw.githubusercontent.com/spMohanty/PlantVillage-Dataset/master/raw/color/Tomato___Bacterial_spot/3ff6609e-918b-4642-8798-10ed02b1d36d___GCREC_Bact.Sp%206050.JPG,train,image_0012,/content/selected_images/PlantVillage/train/tomato_bacterial_spot/image_0012.jpg,cached
PlantDoc,tomato_septoria_leaf_spot,https://raw.githubusercontent.com/pratikkayal/PlantDoc-Dataset/master/train/Tomato%20Septoria%20leaf%20spot/septoria-leafspot-on-tomato-leaf-rp-c.jpg,train,image_0013,/content/selected_images/PlantDoc/train/tomato_septoria_leaf_spot/image_0013.jpg,cached
PlantDoc,pepper_leaf_spot,https://raw.githubusercontent.com/pratikkayal/PlantDoc-Dataset/master/train/Bell_pepper%20leaf%20spot/image_1500x1500%25253E.jpeg%3F1472603885.jpg,test,image_0014,/content/selected_images/PlantDoc/test/pepper_leaf_spot/image_0014.jpg,cached
PlantDoc,pepper_leaf_spot,https://raw.githubusercontent.com/pratikkayal/PlantDoc-Dataset/master/train/Bell_pepper%20leaf%20spot/pepperplantwithbacterialspotimg3206.jpg,train,image_0015,/content/selected_images/PlantDoc/train/pepper_leaf_spot/image_0015.jpg,cached
PlantVillage,pepper_healthy,https://raw.githubusercontent.com/spMohanty/PlantVillage-Dataset/master/raw/color/Pepper%2C_bell___healthy/664d7802-d1ee-4095-ac6a-61bd3e2f1c13___JR_HL%208666.JPG,train,image_0016,/content/selected_images/PlantVillage/train/pepper_healthy/image_0016.jpg,cached
PlantVillage,tomato_septoria_leaf_spot,https://raw.githubusercontent.com/spMohanty/PlantVillage-Dataset/master/raw/color/Tomato___Septoria_leaf_spot/1a02cfc4-375a-4be1-82a6-fa7ec5117ced___Matt.S_CG%206049.JPG,train,image_0017,/content/selected_images/PlantVillage/train/tomato_septoria_leaf_spot/image_0017.jpg,cached
PlantDoc,tomato_late_blight,https://raw.githubusercontent.com/pratikkayal/PlantDoc-Dataset/master/train/Tomato%20leaf%20late%20blight/5816170621_e1cce08736_z.jpg,train,image_0018,/content/selected_images/PlantDoc/train/tomato_late_blight/image_0018.jpg,cached
PlantDoc,tomato_septoria_leaf_spot,https://raw.githubusercontent.com/pratikkayal/PlantDoc-Dataset/master/train/Tomato%20Septoria%20leaf%20spot/tomato-septoria-5-500x384.jpg,train,image_0019,/content/selected_images/PlantDoc/train/tomato_septoria_leaf_spot/image_0019.jpg,cached
PlantDoc,tomato_septoria_leaf_spot,https://raw.githubusercontent.com/pratikkayal/PlantDoc-Dataset/master/train/Tomato%20Septoria%20leaf%20spot/Septoria-leaf-spot-hc.jpg,train,image_0020,/content/selected_images/PlantDoc/train/tomato_septoria_leaf_spot/image_0020.jpg,cached
PlantVillage,tomato_healthy,https://raw.githubusercontent.com/spMohanty/PlantVillage-Dataset/master/raw/color/Tomato___healthy/e9392a5e-2fac-48c5-a23d-df3aa3f61048___GH_HL%20Leaf%20217.JPG,train,image_0021,/content/selected_images/PlantVillage/train/tomato_healthy/image_0021.jpg,cached
PlantDoc,tomato_early_blight,https://raw.githubusercontent.com/pratikkayal/PlantDoc-Dataset/master/train/Tomato%20Early%20blight%20leaf/Tomato-diseases-prevention-treatment.-Early-blight..jpg,test,image_0022,/content/selected_images/PlantDoc/test/tomato_early_blight/image_0022.jpg,cached
PlantVillage,tomato_late_blight,https://raw.githubusercontent.com/spMohanty/PlantVillage-Dataset/master/raw/color/Tomato___Late_blight/0c47de5b-adbe-479f-8ccf-5b8c530c32f8___RS_Late.B%206312.JPG,train,image_0023,/content/selected_images/PlantVillage/train/tomato_late_blight/image_0023.jpg,cached
PlantDoc,tomato_early_blight,https://raw.githubusercontent.com/pratikkayal/PlantDoc-Dataset/master/train/Tomato%20Early%20blight%20leaf/tomato_blight_early.jpg,train,image_0024,/content/selected_images/PlantDoc/train/tomato_early_blight/image_0024.jpg,cached
PlantVillage,pepper_healthy,https://raw.githubusercontent.com/spMohanty/PlantVillage-Dataset/master/raw/color/Pepper%2C_bell___healthy/fe978613-05fc-4b11-a2d0-2175915f74c1___JR_HL%208105.JPG,train,image_0025,/content/selected_images/PlantVillage/train/pepper_healthy/image_0025.jpg,cached
PlantVillage,tomato_bacterial_spot,https://raw.githubusercontent.com/spMohanty/PlantVillage-Dataset/master/raw/color/Tomato___Bacterial_spot/10c418e8-59b3-4d9f-a22b-7762b538e758___UF.GRC_BS_Lab%20Leaf%200900.JPG,train,image_0026,/content/selected_images/PlantVillage/train/tomato_bacterial_spot/image_0026.jpg,cached
PlantDoc,pepper_healthy,https://raw.githubusercontent.com/pratikkayal/PlantDoc-Dataset/master/train/Bell_pepper%20leaf/DSCN5835_original.JPG%3F1472909566.jpg,train,image_0027,/content/selected_images/PlantDoc/train/pepper_healthy/image_0027.jpg,cached
PlantDoc,tomato_septoria_leaf_spot,https://raw.githubusercontent.com/pratikkayal/PlantDoc-Dataset/master/train/Tomato%20Septoria%20leaf%20spot/tomato-septoria-5.jpg,train,image_0028,/content/selected_images/PlantDoc/train/tomato_septoria_leaf_spot/image_0028.jpg,cached
PlantVillage,pepper_leaf_spot,https://raw.githubusercontent.com/spMohanty/PlantVillage-Dataset/master/raw/color/Pepper%2C_bell___Bacterial_spot/188f102a-6f64-4180-9d38-f98b61aaec60___JR_B.Spot%209014.JPG,train,image_0029,/content/selected_images/PlantVillage/train/pepper_leaf_spot/image_0029.jpg,cached
PlantDoc,tomato_healthy,https://raw.githubusercontent.com/pratikkayal/PlantDoc-Dataset/master/train/Tomato%20leaf/p1011399.jpg,train,image_0030,/content/selected_images/PlantDoc/train/tomato_healthy/image_0030.jpg,cached
PlantVillage,pepper_leaf_spot,https://raw.githubusercontent.com/spMohanty/PlantVillage-Dataset/master/raw/color/Pepper%2C_bell___Bacterial_spot/0fe8a42b-b943-43d6-88c4-78abdcbfe02d___NREC_B.Spot%209236.JPG,test,image_0031,/content/selected_images/PlantVillage/test/pepper_leaf_spot/image_0031.jpg,cached
PlantDoc,tomato_healthy,https://raw.githubusercontent.com/pratikkayal/PlantDoc-Dataset/master/train/Tomato%20leaf/tomato-leaf-6424287.jpg,train,image_0032,/content/selected_images/PlantDoc/train/tomato_healthy/image_0032.jpg,cached
PlantVillage,tomato_healthy,https://raw.githubusercontent.com/spMohanty/PlantVillage-Dataset/master/raw/color/Tomato___healthy/ea0a8316-361e-4224-a700-5b86a8b93774___GH_HL%20Leaf%20209.JPG,train,image_0033,/content/selected_images/PlantVillage/train/tomato_healthy/image_0033.jpg,cached
PlantDoc,tomato_late_blight,https://raw.githubusercontent.com/pratikkayal/PlantDoc-Dataset/master/train/Tomato%20leaf%20late%20blight/IMG_1526.jpg,train,image_0034,/content/selected_images/PlantDoc/train/tomato_late_blight/image_0034.jpg,cached
PlantDoc,tomato_bacterial_spot,https://raw.githubusercontent.com/pratikkayal/PlantDoc-Dataset/master/train/Tomato%20leaf%20bacterial%20spot/a3fb24f84fe70e5d37352d13106531d6.jpg,train,image_0035,/content/selected_images/PlantDoc/train/tomato_bacterial_spot/image_0035.jpg,cached
PlantVillage,tomato_late_blight,https://raw.githubusercontent.com/spMohanty/PlantVillage-Dataset/master/raw/color/Tomato___Late_blight/c95eaeb8-7673-4411-bbbe-b2464526f303___RS_Late.B%206233.JPG,train,image_0036,/content/selected_images/PlantVillage/train/tomato_late_blight/image_0036.jpg,cached
PlantVillage,pepper_healthy,https://raw.githubusercontent.com/spMohanty/PlantVillage-Dataset/master/raw/color/Pepper%2C_bell___healthy/fb02614c-dcbd-4e7d-9ec6-ab3c5bf267ad___JR_HL%207626.JPG,train,image_0037,/content/selected_images/PlantVillage/train/pepper_healthy/image_0037.jpg,cached
PlantVillage,tomato_healthy,https://raw.githubusercontent.com/spMohanty/PlantVillage-Dataset/master/raw/color/Tomato___healthy/b1f50b66-747a-4394-ae03-1d5c201c1bb8___RS_HL%209664.JPG,test,image_0038,/content/selected_images/PlantVillage/test/tomato_healthy/image_0038.jpg,cached
PlantDoc,tomato_septoria_leaf_spot,https://raw.githubusercontent.com/pratikkayal/PlantDoc-Dataset/master/train/Tomato%20Septoria%20leaf%20spot/vdu-tomato-sept-eb-285x300.jpg,test,image_0039,/content/selected_images/PlantDoc/test/tomato_septoria_leaf_spot/image_0039.jpg,cached
PlantDoc,pepper_healthy,https://raw.githubusercontent.com/pratikkayal/PlantDoc-Dataset/master/train/Bell_pepper%20leaf/28a593.jpg,train,image_0040,/content/selected_images/PlantDoc/train/pepper_healthy/image_0040.jpg,cached
PlantVillage,pepper_healthy,https://raw.githubusercontent.com/spMohanty/PlantVillage-Dataset/master/raw/color/Pepper%2C_bell___healthy/22066048-462c-4d8d-9b42-ef0cd0c632a9___JR_HL%208631.JPG,train,image_0041,/content/selected_images/PlantVillage/train/pepper_healthy/image_0041.jpg,cached
PlantDoc,tomato_bacterial_spot,https://raw.githubusercontent.com/pratikkayal/PlantDoc-Dataset/master/train/Tomato%20leaf%20bacterial%20spot/Leaf-spots-on-tomato-leaves-Credits-Hank-Dankers_Q320.jpg,train,image_0042,/content/selected_images/PlantDoc/train/tomato_bacterial_spot/image_0042.jpg,cached
PlantDoc,tomato_healthy,https://raw.githubusercontent.com/pratikkayal/PlantDoc-Dataset/master/train/Tomato%20leaf/tomato-vine-ripe-leaves-isolated-against-white-34863029.jpg,test,image_0043,/content/selected_images/PlantDoc/test/tomato_healthy/image_0043.jpg,cached
PlantVillage,tomato_healthy,https://raw.githubusercontent.com/spMohanty/PlantVillage-Dataset/master/raw/color/Tomato___healthy/79debbff-9c0f-4a5c-a4c7-4b2bc97406dc___RS_HL%200244.JPG,train,image_0044,/content/selected_images/PlantVillage/train/tomato_healthy/image_0044.jpg,cached
PlantDoc,tomato_septoria_leaf_spot,https://raw.githubusercontent.com/pratikkayal/PlantDoc-Dataset/master/train/Tomato%20Septoria%20leaf%20spot/Septoria_leaf_spot_tomato.jpg,train,image_0045,/content/selected_images/PlantDoc/train/tomato_septoria_leaf_spot/image_0045.jpg,cached
PlantVillage,tomato_early_blight,https://raw.githubusercontent.com/spMohanty/PlantVillage-Dataset/master/raw/color/Tomato___Early_blight/fdc50285-836e-4707-a17d-388b8179c87c___RS_Erly.B%207812.JPG,train,image_0046,/content/selected_images/PlantVillage/train/tomato_early_blight/image_0046.jpg,cached
PlantVillage,tomato_healthy,https://raw.githubusercontent.com/spMohanty/PlantVillage-Dataset/master/raw/color/Tomato___healthy/f3231f5f-c6cf-4a37-a3da-5d6e7a8afb0e___RS_HL%200450.JPG,train,image_0047,/content/selected_images/PlantVillage/train/tomato_healthy/image_0047.jpg,cached
PlantDoc,tomato_early_blight,https://raw.githubusercontent.com/pratikkayal/PlantDoc-Dataset/master/train/Tomato%20Early%20blight%20leaf/Tomato-early-blight_1_1-12wmver.jpg,train,image_0048,/content/selected_images/PlantDoc/train/tomato_early_blight/image_0048.jpg,cached
PlantDoc,tomato_bacterial_spot,https://raw.githubusercontent.com/pratikkayal/PlantDoc-Dataset/master/train/Tomato%20leaf%20bacterial%20spot/5114949114265600-600x272.jpeg.jpg,train,image_0049,/content/selected_images/PlantDoc/train/tomato_bacterial_spot/image_0049.jpg,cached
PlantDoc,tomato_leaf_mould,https://raw.githubusercontent.com/pratikkayal/PlantDoc-Dataset/master/train/Tomato%20mold%20leaf/tomato-leaf-mold.jpg,train,image_0050,/content/selected_images/PlantDoc/train/tomato_leaf_mould/image_0050.jpg,cached
PlantDoc,tomato_septoria_leaf_spot,https://raw.githubusercontent.com/pratikkayal/PlantDoc-Dataset/master/train/Tomato%20Septoria%20leaf%20spot/septoria-leaf-spot-tomato-1.jpg,train,image_0051,/content/selected_images/PlantDoc/train/tomato_septoria_leaf_spot/image_0051.jpg,cached
PlantVillage,tomato_early_blight,https://raw.githubusercontent.com/spMohanty/PlantVillage-Dataset/master/raw/color/Tomato___Early_blight/6376d980-2b10-4990-a58d-ca0e7dfc6af3___RS_Erly.B%208215.JPG,train,image_0052,/content/selected_images/PlantVillage/train/tomato_early_blight/image_0052.jpg,cached
PlantVillage,tomato_early_blight,https://raw.githubusercontent.com/spMohanty/PlantVillage-Dataset/master/raw/color/Tomato___Early_blight/79b737a7-eca5-4eb9-b30e-dd3e85640e55___RS_Erly.B%209492.JPG,train,image_0053,/content/selected_images/PlantVillage/train/tomato_early_blight/image_0053.jpg,cached
PlantVillage,tomato_septoria_leaf_spot,https://raw.githubusercontent.com/spMohanty/PlantVillage-Dataset/master/raw/color/Tomato___Septoria_leaf_spot/963549d4-2e44-4b10-8e73-9d955a80949c___Keller.St_CG%201946.JPG,train,image_0054,/content/selected_images/PlantVillage/train/tomato_septoria_leaf_spot/image_0054.jpg,cached
PlantDoc,pepper_healthy,https://raw.githubusercontent.com/pratikkayal/PlantDoc-Dataset/master/train/Bell_pepper%20leaf/image_1500x1500%25253E.jpeg%3F1472959493.jpg,train,image_0055,/content/selected_images/PlantDoc/train/pepper_healthy/image_0055.jpg,cached
PlantVillage,tomato_healthy,https://raw.githubusercontent.com/spMohanty/PlantVillage-Dataset/master/raw/color/Tomato___healthy/beda9c8f-88eb-43c7-9670-60bd8fd5c43e___RS_HL%200038.JPG,test,image_0056,/content/selected_images/PlantVillage/test/tomato_healthy/image_0056.jpg,cached
PlantDoc,tomato_bacterial_spot,https://raw.githubusercontent.com/pratikkayal/PlantDoc-Dataset/master/train/Tomato%20leaf%20bacterial%20spot/Leafspotx450xBugwood.jpg,train,image_0057,/content/selected_images/PlantDoc/train/tomato_bacterial_spot/image_0057.jpg,cached
PlantDoc,tomato_bacterial_spot,https://raw.githubusercontent.com/pratikkayal/PlantDoc-Dataset/master/train/Tomato%20leaf%20bacterial%20spot/13582051_f520.jpg,train,image_0058,/content/selected_images/PlantDoc/train/tomato_bacterial_spot/image_0058.jpg,cached
PlantVillage,pepper_leaf_spot,https://raw.githubusercontent.com/spMohanty/PlantVillage-Dataset/master/raw/color/Pepper%2C_bell___Bacterial_spot/5979f1be-c7a6-47c5-b438-60c3eab4218e___JR_B.Spot%209093.JPG,train,image_0059,/content/selected_images/PlantVillage/train/pepper_leaf_spot/image_0059.jpg,cached
PlantVillage,tomato_early_blight,https://raw.githubusercontent.com/spMohanty/PlantVillage-Dataset/master/raw/color/Tomato___Early_blight/197fa869-c124-436e-b3cd-bced95f52a8e___RS_Erly.B%207834.JPG,train,image_0060,/content/selected_images/PlantVillage/train/tomato_early_blight/image_0060.jpg,cached
PlantVillage,tomato_bacterial_spot,https://raw.githubusercontent.com/spMohanty/PlantVillage-Dataset/master/raw/color/Tomato___Bacterial_spot/8dea4cc9-85a5-412f-b16b-6bd339b9429d___GCREC_Bact.Sp%206069.JPG,train,image_0061,/content/selected_images/PlantVillage/train/tomato_bacterial_spot/image_0061.jpg,cached
PlantDoc,tomato_early_blight,https://raw.githubusercontent.com/pratikkayal/PlantDoc-Dataset/master/train/Tomato%20Early%20blight%20leaf/1576389-early%2520blight%2520symptoms.jpg,train,image_0062,/content/selected_images/PlantDoc/train/tomato_early_blight/image_0062.jpg,cached
PlantVillage,tomato_healthy,https://raw.githubusercontent.com/spMohanty/PlantVillage-Dataset/master/raw/color/Tomato___healthy/24336aa8-a0ad-404e-9669-3661d9920aec___GH_HL%20Leaf%20435.1.JPG,train,image_0063,/content/selected_images/PlantVillage/train/tomato_healthy/image_0063.jpg,cached
PlantVillage,tomato_early_blight,https://raw.githubusercontent.com/spMohanty/PlantVillage-Dataset/master/raw/color/Tomato___Early_blight/e2ce6add-93e2-4c1f-9ee3-2354d1542e8b___RS_Erly.B%207698.JPG,train,image_0064,/content/selected_images/PlantVillage/train/tomato_early_blight/image_0064.jpg,cached
PlantVillage,tomato_septoria_leaf_spot,https://raw.githubusercontent.com/spMohanty/PlantVillage-Dataset/master/raw/color/Tomato___Septoria_leaf_spot/89d94469-6bd0-4b98-8736-bf9a1247271f___Matt.S_CG%207410.JPG,train,image_0065,/content/selected_images/PlantVillage/train/tomato_septoria_leaf_spot/image_0065.jpg,cached
PlantVillage,pepper_leaf_spot,https://raw.githubusercontent.com/spMohanty/PlantVillage-Dataset/master/raw/color/Pepper%2C_bell___Bacterial_spot/3a03526d-0bf4-4898-9f0f-8a9c31afd3eb___JR_B.Spot%203380.JPG,train,image_0066,/content/selected_images/PlantVillage/train/pepper_leaf_spot/image_0066.jpg,cached
PlantDoc,tomato_leaf_mould,https://raw.githubusercontent.com/pratikkayal/PlantDoc-Dataset/master/train/Tomato%20mold%20leaf/23601051_1572608349449262_2029169498_o.jpg,train,image_0067,/content/selected_images/PlantDoc/train/tomato_leaf_mould/image_0067.jpg,cached
PlantDoc,pepper_leaf_spot,https://raw.githubusercontent.com/pratikkayal/PlantDoc-Dataset/master/train/Bell_pepper%20leaf%20spot/peppers_bacterial_spot_onpeppertransplant_zoom.jpg,test,image_0068,/content/selected_images/PlantDoc/test/pepper_leaf_spot/image_0068.jpg,cached
PlantDoc,pepper_leaf_spot,https://raw.githubusercontent.com/pratikkayal/PlantDoc-Dataset/master/train/Bell_pepper%20leaf%20spot/0.jpg,train,image_0069,/content/selected_images/PlantDoc/train/pepper_leaf_spot/image_0069.jpg,cached
PlantDoc,tomato_late_blight,https://raw.githubusercontent.com/pratikkayal/PlantDoc-Dataset/master/train/Tomato%20leaf%20late%20blight/LateBlt09_05.jpg,train,image_0070,/content/selected_images/PlantDoc/train/tomato_late_blight/image_0070.jpg,cached
PlantDoc,tomato_healthy,https://raw.githubusercontent.com/pratikkayal/PlantDoc-Dataset/master/train/Tomato%20leaf/L.peruv-assort.jpg,train,image_0071,/content/selected_images/PlantDoc/train/tomato_healthy/image_0071.jpg,cached
PlantDoc,tomato_healthy,https://raw.githubusercontent.com/pratikkayal/PlantDoc-Dataset/master/train/Tomato%20leaf/stock-vector-set-of-vector-elements-for-your-design-red-ripe-tomatoes-with-water-drops-tomato-leaves-and-tomato-203297116.jpg,train,image_0072,/content/selected_images/PlantDoc/train/tomato_healthy/image_0072.jpg,cached
PlantVillage,tomato_late_blight,https://raw.githubusercontent.com/spMohanty/PlantVillage-Dataset/master/raw/color/Tomato___Late_blight/319d4c9a-92d4-41ff-b351-f3d439233c9e___RS_Late.B%206357.JPG,train,image_0073,/content/selected_images/PlantVillage/train/tomato_late_blight/image_0073.jpg,cached
PlantDoc,tomato_bacterial_spot,https://raw.githubusercontent.com/pratikkayal/PlantDoc-Dataset/master/train/Tomato%20leaf%20bacterial%20spot/CankerFoliar-copy-50-QUALITY-122b09b.jpg,train,image_0074,/content/selected_images/PlantDoc/train/tomato_bacterial_spot/image_0074.jpg,cached
PlantVillage,tomato_septoria_leaf_spot,https://raw.githubusercontent.com/spMohanty/PlantVillage-Dataset/master/raw/color/Tomato___Septoria_leaf_spot/102edb0a-780d-4b7e-b31e-c06e5e85211f___Matt.S_CG%202588.JPG,train,image_0075,/content/selected_images/PlantVillage/train/tomato_septoria_leaf_spot/image_0075.jpg,cached
PlantVillage,pepper_leaf_spot,https://raw.githubusercontent.com/spMohanty/PlantVillage-Dataset/master/raw/color/Pepper%2C_bell___Bacterial_spot/9ef2ed30-14d6-4711-92b3-9a9fbf435c9f___NREC_B.Spot%209049.JPG,test,image_0076,/content/selected_images/PlantVillage/test/pepper_leaf_spot/image_0076.jpg,cached
PlantDoc,tomato_bacterial_spot,https://raw.githubusercontent.com/pratikkayal/PlantDoc-Dataset/master/train/Tomato%20leaf%20bacterial%20spot/71c944d61b08f6373a9a38d3c250cb2e.jpg,test,image_0077,/content/selected_images/PlantDoc/test/tomato_bacterial_spot/image_0077.jpg,cached
PlantVillage,tomato_bacterial_spot,https://raw.githubusercontent.com/spMohanty/PlantVillage-Dataset/master/raw/color/Tomato___Bacterial_spot/d489099b-31cf-484f-a0d6-46f24e6875ab___GCREC_Bact.Sp%203523.JPG,train,image_0078,/content/selected_images/PlantVillage/train/tomato_bacterial_spot/image_0078.jpg,cached
PlantDoc,tomato_septoria_leaf_spot,https://raw.githubusercontent.com/pratikkayal/PlantDoc-Dataset/master/train/Tomato%20Septoria%20leaf%20spot/leafspot-5aba8283642dca003687f6fa.jpg,train,image_0079,/content/selected_images/PlantDoc/train/tomato_septoria_leaf_spot/image_0079.jpg,cached
PlantVillage,tomato_early_blight,https://raw.githubusercontent.com/spMohanty/PlantVillage-Dataset/master/raw/color/Tomato___Early_blight/6cd7bfa5-f336-4227-b8cf-3461dedc3b43___RS_Erly.B%207346.JPG,train,image_0080,/content/selected_images/PlantVillage/train/tomato_early_blight/image_0080.jpg,cached
PlantDoc,pepper_healthy,https://raw.githubusercontent.com/pratikkayal/PlantDoc-Dataset/master/train/Bell_pepper%20leaf/uGz0O.jpg,train,image_0081,/content/selected_images/PlantDoc/train/pepper_healthy/image_0081.jpg,cached
PlantDoc,pepper_healthy,https://raw.githubusercontent.com/pratikkayal/PlantDoc-Dataset/master/train/Bell_pepper%20leaf/b085c28357a5f7839c2dcf582acc9e52.jpg,train,image_0082,/content/selected_images/PlantDoc/train/pepper_healthy/image_0082.jpg,cached
PlantVillage,tomato_early_blight,https://raw.githubusercontent.com/spMohanty/PlantVillage-Dataset/master/raw/color/Tomato___Early_blight/e2e1bccc-15ec-47f8-8ee7-d33be16fac07___RS_Erly.B%209523.JPG,train,image_0083,/content/selected_images/PlantVillage/train/tomato_early_blight/image_0083.jpg,cached
PlantDoc,pepper_leaf_spot,https://raw.githubusercontent.com/pratikkayal/PlantDoc-Dataset/master/train/Bell_pepper%20leaf%20spot/pepper_phytophtera12x500.jpg,train,image_0084,/content/selected_images/PlantDoc/train/pepper_leaf_spot/image_0084.jpg,cached
PlantDoc,tomato_healthy,https://raw.githubusercontent.com/pratikkayal/PlantDoc-Dataset/master/train/Tomato%20leaf/tomato-leaf.jpg,test,image_0085,/content/selected_images/PlantDoc/test/tomato_healthy/image_0085.jpg,cached
PlantDoc,tomato_early_blight,https://raw.githubusercontent.com/pratikkayal/PlantDoc-Dataset/master/test/Tomato%20Early%20blight%20leaf/earlyblight21_.jpg,train,image_0086,/content/selected_images/PlantDoc/train/tomato_early_blight/image_0086.jpg,cached
PlantDoc,tomato_bacterial_spot,https://raw.githubusercontent.com/pratikkayal/PlantDoc-Dataset/master/test/Tomato%20leaf%20bacterial%20spot/Tomato%252BBacterial%252BSpot%252Bon%252BLeaves.jpg,test,image_0087,/content/selected_images/PlantDoc/test/tomato_bacterial_spot/image_0087.jpg,cached
PlantVillage,pepper_leaf_spot,https://raw.githubusercontent.com/spMohanty/PlantVillage-Dataset/master/raw/color/Pepper%2C_bell___Bacterial_spot/42ef264d-f255-4674-885a-0921a0e7f649___JR_B.Spot%209022.JPG,test,image_0088,/content/selected_images/PlantVillage/test/pepper_leaf_spot/image_0088.jpg,cached
PlantDoc,tomato_healthy,https://raw.githubusercontent.com/pratikkayal/PlantDoc-Dataset/master/train/Tomato%20leaf/late_blight_tomato_leaf4x1200.jpg,train,image_0089,/content/selected_images/PlantDoc/train/tomato_healthy/image_0089.jpg,cached
PlantVillage,tomato_septoria_leaf_spot,https://raw.githubusercontent.com/spMohanty/PlantVillage-Dataset/master/raw/color/Tomato___Septoria_leaf_spot/2365ce1e-195c-4cf9-a38d-927f0faa489a___JR_Sept.L.S%202725.JPG,test,image_0090,/content/selected_images/PlantVillage/test/tomato_septoria_leaf_spot/image_0090.jpg,cached
PlantDoc,tomato_late_blight,https://raw.githubusercontent.com/pratikkayal/PlantDoc-Dataset/master/train/Tomato%20leaf%20late%20blight/late-blight-tom-leaf.jpg,train,image_0091,/content/selected_images/PlantDoc/train/tomato_late_blight/image_0091.jpg,cached
PlantDoc,pepper_healthy,https://raw.githubusercontent.com/pratikkayal/PlantDoc-Dataset/master/train/Bell_pepper%20leaf/CMZEb.jpg,train,image_0092,/content/selected_images/PlantDoc/train/pepper_healthy/image_0092.jpg,cached
PlantDoc,tomato_early_blight,https://raw.githubusercontent.com/pratikkayal/PlantDoc-Dataset/master/train/Tomato%20Early%20blight%20leaf/b54d0e40027ff5e90e8ba7e1e9abf9bd--garden-guide-garden-ideas.jpg,train,image_0093,/content/selected_images/PlantDoc/train/tomato_early_blight/image_0093.jpg,cached
PlantVillage,tomato_early_blight,https://raw.githubusercontent.com/spMohanty/PlantVillage-Dataset/master/raw/color/Tomato___Early_blight/a8d430c0-7dff-4474-a6c1-1fd601198ff6___RS_Erly.B%207738.JPG,train,image_0094,/content/selected_images/PlantVillage/train/tomato_early_blight/image_0094.jpg,cached
PlantDoc,pepper_leaf_spot,https://raw.githubusercontent.com/pratikkayal/PlantDoc-Dataset/master/train/Bell_pepper%20leaf%20spot/Pepper-problem.jpg,test,image_0095,/content/selected_images/PlantDoc/test/pepper_leaf_spot/image_0095.jpg,cached
PlantDoc,tomato_early_blight,https://raw.githubusercontent.com/pratikkayal/PlantDoc-Dataset/master/train/Tomato%20Early%20blight%20leaf/Early-blight-660x440.jpg,train,image_0096,/content/selected_images/PlantDoc/train/tomato_early_blight/image_0096.jpg,cached
PlantVillage,pepper_leaf_spot,https://raw.githubusercontent.com/spMohanty/PlantVillage-Dataset/master/raw/color/Pepper%2C_bell___Bacterial_spot/4434e395-4f3d-435d-9101-ece6be005fd6___JR_B.Spot%208928.JPG,train,image_0097,/content/selected_images/PlantVillage/train/pepper_leaf_spot/image_0097.jpg,cached
PlantDoc,pepper_leaf_spot,https://raw.githubusercontent.com/pratikkayal/PlantDoc-Dataset/master/train/Bell_pepper%20leaf%20spot/peppers_bacterial_spot_zoom.jpg,test,image_0098,/content/selected_images/PlantDoc/test/pepper_leaf_spot/image_0098.jpg,cached
PlantVillage,pepper_healthy,https://raw.githubusercontent.com/spMohanty/PlantVillage-Dataset/master/raw/color/Pepper%2C_bell___healthy/d72e75e1-39d2-47bc-ba9c-e341bd5d7390___JR_HL%207660.JPG,train,image_0099,/content/selected_images/PlantVillage/train/pepper_healthy/image_0099.jpg,cached
PlantDoc,pepper_leaf_spot,https://raw.githubusercontent.com/pratikkayal/PlantDoc-Dataset/master/train/Bell_pepper%20leaf%20spot/image_300x300%252523.jpeg%3F1472603885.jpg,train,image_0100,/content/selected_images/PlantDoc/train/pepper_leaf_spot/image_0100.jpg,cached
PlantVillage,tomato_bacterial_spot,https://raw.githubusercontent.com/spMohanty/PlantVillage-Dataset/master/raw/color/Tomato___Bacterial_spot/1d6494e5-d659-47f2-a854-95f7633f8018___GCREC_Bact.Sp%206102.JPG,train,image_0101,/content/selected_images/PlantVillage/train/tomato_bacterial_spot/image_0101.jpg,cached
PlantDoc,tomato_leaf_mould,https://raw.githubusercontent.com/pratikkayal/PlantDoc-Dataset/master/train/Tomato%20mold%20leaf/leaf_mold_tomato1x1200.jpg,train,image_0102,/content/selected_images/PlantDoc/train/tomato_leaf_mould/image_0102.jpg,cached
PlantVillage,tomato_early_blight,https://raw.githubusercontent.com/spMohanty/PlantVillage-Dataset/master/raw/color/Tomato___Early_blight/13e96f82-68c6-4331-9b05-92a6767a400b___RS_Erly.B%209502.JPG,train,image_0103,/content/selected_images/PlantVillage/train/tomato_early_blight/image_0103.jpg,cached
PlantDoc,pepper_healthy,https://raw.githubusercontent.com/pratikkayal/PlantDoc-Dataset/master/test/Bell_pepper%20leaf/pepper_leaf.jpg,train,image_0104,/content/selected_images/PlantDoc/train/pepper_healthy/image_0104.jpg,cached
PlantDoc,pepper_healthy,https://raw.githubusercontent.com/pratikkayal/PlantDoc-Dataset/master/train/Bell_pepper%20leaf/387502.jpg,test,image_0105,/content/selected_images/PlantDoc/test/pepper_healthy/image_0105.jpg,cached
PlantVillage,tomato_early_blight,https://raw.githubusercontent.com/spMohanty/PlantVillage-Dataset/master/raw/color/Tomato___Early_blight/d354267e-4855-4197-a18a-668d706db705___RS_Erly.B%207405.JPG,test,image_0106,/content/selected_images/PlantVillage/test/tomato_early_blight/image_0106.jpg,cached
PlantDoc,tomato_healthy,https://raw.githubusercontent.com/pratikkayal/PlantDoc-Dataset/master/test/Tomato%20leaf/DSCN1015.JPG.jpg,train,image_0107,/content/selected_images/PlantDoc/train/tomato_healthy/image_0107.jpg,cached
PlantVillage,tomato_early_blight,https://raw.githubusercontent.com/spMohanty/PlantVillage-Dataset/master/raw/color/Tomato___Early_blight/573fc55b-8a73-48ba-b916-5d7f397977e4___RS_Erly.B%208384.JPG,train,image_0108,/content/selected_images/PlantVillage/train/tomato_early_blight/image_0108.jpg,cached
PlantVillage,tomato_late_blight,https://raw.githubusercontent.com/spMohanty/PlantVillage-Dataset/master/raw/color/Tomato___Late_blight/873aa4b3-61f8-473a-8fd3-b39ede9376c4___RS_Late.B%204829.JPG,train,image_0109,/content/selected_images/PlantVillage/train/tomato_late_blight/image_0109.jpg,cached
PlantVillage,tomato_late_blight,https://raw.githubusercontent.com/spMohanty/PlantVillage-Dataset/master/raw/color/Tomato___Late_blight/0cc44f97-c421-4824-92a9-c9a18b005d1d___GHLB2%20Leaf%208540.JPG,train,image_0110,/content/selected_images/PlantVillage/train/tomato_late_blight/image_0110.jpg,cached
PlantVillage,tomato_late_blight,https://raw.githubusercontent.com/spMohanty/PlantVillage-Dataset/master/raw/color/Tomato___Late_blight/13533985-e30d-4023-8bd3-7a45b07816ca___RS_Late.B%205593.JPG,train,image_0111,/content/selected_images/PlantVillage/train/tomato_late_blight/image_0111.jpg,cached
PlantDoc,tomato_healthy,https://raw.githubusercontent.com/pratikkayal/PlantDoc-Dataset/master/train/Tomato%20leaf/tomato-leaf-20728368.jpg,test,image_0112,/content/selected_images/PlantDoc/test/tomato_healthy/image_0112.jpg,cached
PlantDoc,tomato_bacterial_spot,https://raw.githubusercontent.com/pratikkayal/PlantDoc-Dataset/master/train/Tomato%20leaf%20bacterial%20spot/Bacterial_spots586.jpg,test,image_0113,/content/selected_images/PlantDoc/test/tomato_bacterial_spot/image_0113.jpg,cached
PlantVillage,tomato_late_blight,https://raw.githubusercontent.com/spMohanty/PlantVillage-Dataset/master/raw/color/Tomato___Late_blight/f2dba3c2-82b9-4a5a-9424-f24de8972266___GHLB2%20Leaf%208901.JPG,train,image_0114,/content/selected_images/PlantVillage/train/tomato_late_blight/image_0114.jpg,cached
PlantDoc,tomato_healthy,https://raw.githubusercontent.com/pratikkayal/PlantDoc-Dataset/master/train/Tomato%20leaf/1688.jpg,train,image_0115,/content/selected_images/PlantDoc/train/tomato_healthy/image_0115.jpg,cached
PlantDoc,tomato_bacterial_spot,https://raw.githubusercontent.com/pratikkayal/PlantDoc-Dataset/master/train/Tomato%20leaf%20bacterial%20spot/bac.jpg,train,image_0116,/content/selected_images/PlantDoc/train/tomato_bacterial_spot/image_0116.jpg,cached
PlantDoc,pepper_leaf_spot,https://raw.githubusercontent.com/pratikkayal/PlantDoc-Dataset/master/train/Bell_pepper%20leaf%20spot/bacterialspot3_600px.jpg,train,image_0117,/content/selected_images/PlantDoc/train/pepper_leaf_spot/image_0117.jpg,cached
PlantDoc,tomato_septoria_leaf_spot,https://raw.githubusercontent.com/pratikkayal/PlantDoc-Dataset/master/train/Tomato%20Septoria%20leaf%20spot/slide21-n.jpg,train,image_0118,/content/selected_images/PlantDoc/train/tomato_septoria_leaf_spot/image_0118.jpg,cached
PlantDoc,tomato_late_blight,https://raw.githubusercontent.com/pratikkayal/PlantDoc-Dataset/master/train/Tomato%20leaf%20late%20blight/ToamtoLateBlight3-Version-3-oohvze.jpg,train,image_0119,/content/selected_images/PlantDoc/train/tomato_late_blight/image_0119.jpg,cached
PlantDoc,pepper_healthy,https://raw.githubusercontent.com/pratikkayal/PlantDoc-Dataset/master/train/Bell_pepper%20leaf/stock-photo-black-pepper-plant-with-green-berries-and-leaves-555241408.jpg,train,image_0120,/content/selected_images/PlantDoc/train/pepper_healthy/image_0120.jpg,cached
PlantDoc,tomato_leaf_mould,https://raw.githubusercontent.com/pratikkayal/PlantDoc-Dataset/master/test/Tomato%20mold%20leaf/black_leaf_mold_in_zina_tina.jpg,test,image_0121,/content/selected_images/PlantDoc/test/tomato_leaf_mould/image_0121.jpg,cached
PlantVillage,pepper_leaf_spot,https://raw.githubusercontent.com/spMohanty/PlantVillage-Dataset/master/raw/color/Pepper%2C_bell___Bacterial_spot/12c953a0-bd3e-45d0-aaea-5139f5d63e01___JR_B.Spot%208863.JPG,train,image_0122,/content/selected_images/PlantVillage/train/pepper_leaf_spot/image_0122.jpg,cached
PlantDoc,tomato_leaf_mould,https://raw.githubusercontent.com/pratikkayal/PlantDoc-Dataset/master/train/Tomato%20mold%20leaf/tomato.jpg,train,image_0123,/content/selected_images/PlantDoc/train/tomato_leaf_mould/image_0123.jpg,cached
PlantDoc,tomato_septoria_leaf_spot,https://raw.githubusercontent.com/pratikkayal/PlantDoc-Dataset/master/train/Tomato%20Septoria%20leaf%20spot/5516100468998144.jpeg.jpg,train,image_0124,/content/selected_images/PlantDoc/train/tomato_septoria_leaf_spot/image_0124.jpg,cached
PlantVillage,tomato_septoria_leaf_spot,https://raw.githubusercontent.com/spMohanty/PlantVillage-Dataset/master/raw/color/Tomato___Septoria_leaf_spot/0176f68f-a3d8-473b-9bea-c075a5507b34___JR_Sept.L.S%202504.JPG,train,image_0125,/content/selected_images/PlantVillage/train/tomato_septoria_leaf_spot/image_0125.jpg,cached
PlantDoc,tomato_early_blight,https://raw.githubusercontent.com/pratikkayal/PlantDoc-Dataset/master/train/Tomato%20Early%20blight%20leaf/Tomato-Early-Blight.jpg,train,image_0126,/content/selected_images/PlantDoc/train/tomato_early_blight/image_0126.jpg,cached
PlantVillage,pepper_leaf_spot,https://raw.githubusercontent.com/spMohanty/PlantVillage-Dataset/master/raw/color/Pepper%2C_bell___Bacterial_spot/146d24cd-0c7e-458b-9f82-7b27525b04e4___JR_B.Spot%203329.JPG,train,image_0127,/content/selected_images/PlantVillage/train/pepper_leaf_spot/image_0127.jpg,cached
PlantDoc,tomato_leaf_mould,https://raw.githubusercontent.com/pratikkayal/PlantDoc-Dataset/master/train/Tomato%20mold%20leaf/23633262_1572609386115825_1396180255_o.jpg,train,image_0128,/content/selected_images/PlantDoc/train/tomato_leaf_mould/image_0128.jpg,cached
PlantVillage,tomato_leaf_mould,https://raw.githubusercontent.com/spMohanty/PlantVillage-Dataset/master/raw/color/Tomato___Leaf_Mold/7c9ac47e-ec96-457c-96d7-8aefdace978f___Crnl_L.Mold%206850.JPG,train,image_0129,/content/selected_images/PlantVillage/train/tomato_leaf_mould/image_0129.jpg,cached
PlantDoc,pepper_leaf_spot,https://raw.githubusercontent.com/pratikkayal/PlantDoc-Dataset/master/test/Bell_pepper%20leaf%20spot/01.jpg,train,image_0130,/content/selected_images/PlantDoc/train/pepper_leaf_spot/image_0130.jpg,cached
PlantDoc,pepper_leaf_spot,https://raw.githubusercontent.com/pratikkayal/PlantDoc-Dataset/master/train/Bell_pepper%20leaf%20spot/100_1657.jpg,train,image_0131,/content/selected_images/PlantDoc/train/pepper_leaf_spot/image_0131.jpg,cached
PlantDoc,tomato_leaf_mould,https://raw.githubusercontent.com/pratikkayal/PlantDoc-Dataset/master/test/Tomato%20mold%20leaf/dscn6689.jpg,train,image_0132,/content/selected_images/PlantDoc/train/tomato_leaf_mould/image_0132.jpg,cached
PlantVillage,tomato_septoria_leaf_spot,https://raw.githubusercontent.com/spMohanty/PlantVillage-Dataset/master/raw/color/Tomato___Septoria_leaf_spot/aa233fb1-e0b7-45cc-a5f3-a163b703299e___JR_Sept.L.S%202718.JPG,train,image_0133,/content/selected_images/PlantVillage/train/tomato_septoria_leaf_spot/image_0133.jpg,cached
PlantDoc,tomato_leaf_mould,https://raw.githubusercontent.com/pratikkayal/PlantDoc-Dataset/master/train/Tomato%20mold%20leaf/119B_Tom_Mold.jpg,train,image_0134,/content/selected_images/PlantDoc/train/tomato_leaf_mould/image_0134.jpg,cached
PlantVillage,tomato_early_blight,https://raw.githubusercontent.com/spMohanty/PlantVillage-Dataset/master/raw/color/Tomato___Early_blight/f51330a5-e187-434f-add0-bd89f488eeee___RS_Erly.B%207699.JPG,train,image_0135,/content/selected_images/PlantVillage/train/tomato_early_blight/image_0135.jpg,cached
PlantVillage,pepper_leaf_spot,https://raw.githubusercontent.com/spMohanty/PlantVillage-Dataset/master/raw/color/Pepper%2C_bell___Bacterial_spot/09ae534a-e931-4f83-8545-cf330dfebae9___NREC_B.Spot%209210.JPG,train,image_0136,/content/selected_images/PlantVillage/train/pepper_leaf_spot/image_0136.jpg,cached
PlantVillage,tomato_leaf_mould,https://raw.githubusercontent.com/spMohanty/PlantVillage-Dataset/master/raw/color/Tomato___Leaf_Mold/970a299e-18bd-4bf6-83af-f0950cfe0272___Crnl_L.Mold%208668.JPG,train,image_0137,/content/selected_images/PlantVillage/train/tomato_leaf_mould/image_0137.jpg,cached
PlantDoc,tomato_early_blight,https://raw.githubusercontent.com/pratikkayal/PlantDoc-Dataset/master/train/Tomato%20Early%20blight%20leaf/8950022d45978228d5e44a35183efdb9--tomatoes-dyi.jpg,train,image_0138,/content/selected_images/PlantDoc/train/tomato_early_blight/image_0138.jpg,cached
PlantVillage,tomato_late_blight,https://raw.githubusercontent.com/spMohanty/PlantVillage-Dataset/master/raw/color/Tomato___Late_blight/008ebb44-eb77-4843-b621-4b88b5df7d43___RS_Late.B%205188.JPG,train,image_0139,/content/selected_images/PlantVillage/train/tomato_late_blight/image_0139.jpg,cached
PlantVillage,tomato_leaf_mould,https://raw.githubusercontent.com/spMohanty/PlantVillage-Dataset/master/raw/color/Tomato___Leaf_Mold/b98b4279-5ffc-4314-a3c4-1fc05e3b0aec___Crnl_L.Mold%206844.JPG,train,image_0140,/content/selected_images/PlantVillage/train/tomato_leaf_mould/image_0140.jpg,cached
PlantDoc,pepper_healthy,https://raw.githubusercontent.com/pratikkayal/PlantDoc-Dataset/master/train/Bell_pepper%20leaf/DSC04477.JPG.jpg,train,image_0141,/content/selected_images/PlantDoc/train/pepper_healthy/image_0141.jpg,cached
PlantVillage,tomato_bacterial_spot,https://raw.githubusercontent.com/spMohanty/PlantVillage-Dataset/master/raw/color/Tomato___Bacterial_spot/f21dbfc9-1b65-4407-808b-55685784bd19___GCREC_Bact.Sp%203138.JPG,test,image_0142,/content/selected_images/PlantVillage/test/tomato_bacterial_spot/image_0142.jpg,cached
PlantVillage,tomato_leaf_mould,https://raw.githubusercontent.com/spMohanty/PlantVillage-Dataset/master/raw/color/Tomato___Leaf_Mold/a3bcb764-2c05-44e0-a177-70d0d8294894___Crnl_L.Mold%207170.JPG,train,image_0143,/content/selected_images/PlantVillage/train/tomato_leaf_mould/image_0143.jpg,cached
PlantDoc,tomato_septoria_leaf_spot,https://raw.githubusercontent.com/pratikkayal/PlantDoc-Dataset/master/train/Tomato%20Septoria%20leaf%20spot/tomato-leaf-spot-septoria-lycopersici-leaf-spotting-on-tomato-at9jap.jpg,train,image_0144,/content/selected_images/PlantDoc/train/tomato_septoria_leaf_spot/image_0144.jpg,cached
PlantDoc,pepper_leaf_spot,https://raw.githubusercontent.com/pratikkayal/PlantDoc-Dataset/master/train/Bell_pepper%20leaf%20spot/IMG_0945.jpg,train,image_0145,/content/selected_images/PlantDoc/train/pepper_leaf_spot/image_0145.jpg,cached
PlantVillage,tomato_leaf_mould,https://raw.githubusercontent.com/spMohanty/PlantVillage-Dataset/master/raw/color/Tomato___Leaf_Mold/58fb4710-c0a7-4a76-8667-07fbe66bfac9___Crnl_L.Mold%206568.JPG,train,image_0146,/content/selected_images/PlantVillage/train/tomato_leaf_mould/image_0146.jpg,cached
PlantDoc,tomato_healthy,https://raw.githubusercontent.com/pratikkayal/PlantDoc-Dataset/master/train/Tomato%20leaf/PxWBE.jpg,test,image_0147,/content/selected_images/PlantDoc/test/tomato_healthy/image_0147.jpg,cached
PlantVillage,tomato_healthy,https://raw.githubusercontent.com/spMohanty/PlantVillage-Dataset/master/raw/color/Tomato___healthy/bf0fa071-7128-4b45-b924-3c4b46fbf72f___RS_HL%209932.JPG,train,image_0148,/content/selected_images/PlantVillage/train/tomato_healthy/image_0148.jpg,cached
PlantDoc,pepper_healthy,https://raw.githubusercontent.com/pratikkayal/PlantDoc-Dataset/master/train/Bell_pepper%20leaf/5493139683d035a18fd0dfa12893f38b--outdoor-decor-worms.jpg,test,image_0149,/content/selected_images/PlantDoc/test/pepper_healthy/image_0149.jpg,cached
PlantVillage,tomato_septoria_leaf_spot,https://raw.githubusercontent.com/spMohanty/PlantVillage-Dataset/master/raw/color/Tomato___Septoria_leaf_spot/129fba33-b39b-4c74-b45f-4e602eb7af20___Keller.St_CG%201837.JPG,train,image_0150,/content/selected_images/PlantVillage/train/tomato_septoria_leaf_spot/image_0150.jpg,cached
PlantDoc,tomato_leaf_mould,https://raw.githubusercontent.com/pratikkayal/PlantDoc-Dataset/master/train/Tomato%20mold%20leaf/latest%3Fcb%3D20100723105221.jpg,train,image_0151,/content/selected_images/PlantDoc/train/tomato_leaf_mould/image_0151.jpg,cached
PlantDoc,tomato_bacterial_spot,https://raw.githubusercontent.com/pratikkayal/PlantDoc-Dataset/master/train/Tomato%20leaf%20bacterial%20spot/Figure-3-7.jpg,train,image_0152,/content/selected_images/PlantDoc/train/tomato_bacterial_spot/image_0152.jpg,cached
PlantDoc,tomato_bacterial_spot,https://raw.githubusercontent.com/pratikkayal/PlantDoc-Dataset/master/train/Tomato%20leaf%20bacterial%20spot/Figure-1-6.jpg,test,image_0153,/content/selected_images/PlantDoc/test/tomato_bacterial_spot/image_0153.jpg,cached
PlantDoc,pepper_healthy,https://raw.githubusercontent.com/pratikkayal/PlantDoc-Dataset/master/train/Bell_pepper%20leaf/Bell-pepper-leaves.jpg,train,image_0154,/content/selected_images/PlantDoc/train/pepper_healthy/image_0154.jpg,cached
PlantDoc,pepper_healthy,https://raw.githubusercontent.com/pratikkayal/PlantDoc-Dataset/master/train/Bell_pepper%20leaf/Seminis-Turnpike-Bell-Pepper-1024x756.jpg,train,image_0155,/content/selected_images/PlantDoc/train/pepper_healthy/image_0155.jpg,cached
PlantDoc,tomato_leaf_mould,https://raw.githubusercontent.com/pratikkayal/PlantDoc-Dataset/master/test/Tomato%20mold%20leaf/fungus-univ-of-minnesoeta.jpg,train,image_0156,/content/selected_images/PlantDoc/train/tomato_leaf_mould/image_0156.jpg,cached
PlantDoc,pepper_healthy,https://raw.githubusercontent.com/pratikkayal/PlantDoc-Dataset/master/train/Bell_pepper%20leaf/file.php%3Fid%3D18598%26t%3D1.jpg,train,image_0157,/content/selected_images/PlantDoc/train/pepper_healthy/image_0157.jpg,cached
PlantDoc,tomato_leaf_mould,https://raw.githubusercontent.com/pratikkayal/PlantDoc-Dataset/master/test/Tomato%20mold%20leaf/BIGSD.jpg,train,image_0158,/content/selected_images/PlantDoc/train/tomato_leaf_mould/image_0158.jpg,cached
PlantVillage,pepper_leaf_spot,https://raw.githubusercontent.com/spMohanty/PlantVillage-Dataset/master/raw/color/Pepper%2C_bell___Bacterial_spot/5bdf4dcc-7f67-4dc6-92a3-671c6dd4c61f___JR_B.Spot%208942.JPG,train,image_0159,/content/selected_images/PlantVillage/train/pepper_leaf_spot/image_0159.jpg,cached
PlantDoc,tomato_septoria_leaf_spot,https://raw.githubusercontent.com/pratikkayal/PlantDoc-Dataset/master/train/Tomato%20Septoria%20leaf%20spot/early-blight-septoria-ls-fig-3.jpg,train,image_0160,/content/selected_images/PlantDoc/train/tomato_septoria_leaf_spot/image_0160.jpg,cached
PlantDoc,tomato_leaf_mould,https://raw.githubusercontent.com/pratikkayal/PlantDoc-Dataset/master/train/Tomato%20mold%20leaf/grey-mould-botrytis-cinerea-on-bottom-of-a-tomato-leaf-late-in-the-AFRDAN.jpg,train,image_0161,/content/selected_images/PlantDoc/train/tomato_leaf_mould/image_0161.jpg,cached
PlantDoc,pepper_leaf_spot,https://raw.githubusercontent.com/pratikkayal/PlantDoc-Dataset/master/train/Bell_pepper%20leaf%20spot/figure1.jpg,test,image_0162,/content/selected_images/PlantDoc/test/pepper_leaf_spot/image_0162.jpg,cached
PlantVillage,tomato_septoria_leaf_spot,https://raw.githubusercontent.com/spMohanty/PlantVillage-Dataset/master/raw/color/Tomato___Septoria_leaf_spot/6a29f136-d22e-470f-9ea1-447c5f3d410d___Matt.S_CG%207471.JPG,train,image_0163,/content/selected_images/PlantVillage/train/tomato_septoria_leaf_spot/image_0163.jpg,cached
PlantDoc,tomato_healthy,https://raw.githubusercontent.com/pratikkayal/PlantDoc-Dataset/master/train/Tomato%20leaf/20160428_080421.jpg,train,image_0164,/content/selected_images/PlantDoc/train/tomato_healthy/image_0164.jpg,cached
PlantDoc,pepper_healthy,https://raw.githubusercontent.com/pratikkayal/PlantDoc-Dataset/master/train/Bell_pepper%20leaf/tomato_bell_pepper_garden_pt3-03.jpg,test,image_0165,/content/selected_images/PlantDoc/test/pepper_healthy/image_0165.jpg,cached
PlantVillage,tomato_septoria_leaf_spot,https://raw.githubusercontent.com/spMohanty/PlantVillage-Dataset/master/raw/color/Tomato___Septoria_leaf_spot/e77fea03-e748-4903-bf0d-242af509ea7e___Matt.S_CG%202536.JPG,train,image_0166,/content/selected_images/PlantVillage/train/tomato_septoria_leaf_spot/image_0166.jpg,cached
PlantVillage,pepper_leaf_spot,https://raw.githubusercontent.com/spMohanty/PlantVillage-Dataset/master/raw/color/Pepper%2C_bell___Bacterial_spot/46372226-cfbe-4206-951b-93b8b411d2e7___JR_B.Spot%208890.JPG,test,image_0167,/content/selected_images/PlantVillage/test/pepper_leaf_spot/image_0167.jpg,cached
PlantVillage,tomato_healthy,https://raw.githubusercontent.com/spMohanty/PlantVillage-Dataset/master/raw/color/Tomato___healthy/719352b5-1b4c-41e5-a517-3dfde18c13ef___RS_HL%200300.JPG,test,image_0168,/content/selected_images/PlantVillage/test/tomato_healthy/image_0168.jpg,cached
PlantVillage,tomato_bacterial_spot,https://raw.githubusercontent.com/spMohanty/PlantVillage-Dataset/master/raw/color/Tomato___Bacterial_spot/7ca28666-9325-4718-b10f-44d0fcd03a85___UF.GRC_BS_Lab%20Leaf%200807.JPG,test,image_0169,/content/selected_images/PlantVillage/test/tomato_bacterial_spot/image_0169.jpg,cached
PlantVillage,tomato_leaf_mould,https://raw.githubusercontent.com/spMohanty/PlantVillage-Dataset/master/raw/color/Tomato___Leaf_Mold/acfa0062-84e4-4b59-a886-6ff31a81230f___Crnl_L.Mold%207007.JPG,test,image_0170,/content/selected_images/PlantVillage/test/tomato_leaf_mould/image_0170.jpg,cached
PlantDoc,tomato_bacterial_spot,https://raw.githubusercontent.com/pratikkayal/PlantDoc-Dataset/master/train/Tomato%20leaf%20bacterial%20spot/Tomato%2520bacterial%2520canker.JPG.jpg,train,image_0171,/content/selected_images/PlantDoc/train/tomato_bacterial_spot/image_0171.jpg,cached
PlantDoc,tomato_healthy,https://raw.githubusercontent.com/pratikkayal/PlantDoc-Dataset/master/train/Tomato%20leaf/IMG_3192.JPG.jpg,train,image_0172,/content/selected_images/PlantDoc/train/tomato_healthy/image_0172.jpg,cached
PlantVillage,tomato_early_blight,https://raw.githubusercontent.com/spMohanty/PlantVillage-Dataset/master/raw/color/Tomato___Early_blight/3b3193c5-e717-4b40-b450-7ee5c6e22d1a___RS_Erly.B%209382.JPG,train,image_0173,/content/selected_images/PlantVillage/train/tomato_early_blight/image_0173.jpg,cached
PlantVillage,tomato_late_blight,https://raw.githubusercontent.com/spMohanty/PlantVillage-Dataset/master/raw/color/Tomato___Late_blight/a4e72582-b214-412a-a3ae-5a75da76973f___RS_Late.B%206884.JPG,train,image_0174,/content/selected_images/PlantVillage/train/tomato_late_blight/image_0174.jpg,cached
PlantVillage,tomato_bacterial_spot,https://raw.githubusercontent.com/spMohanty/PlantVillage-Dataset/master/raw/color/Tomato___Bacterial_spot/6d0dd572-9911-4c87-8493-7dde760c19bf___GCREC_Bact.Sp%203055.JPG,test,image_0175,/content/selected_images/PlantVillage/test/tomato_bacterial_spot/image_0175.jpg,cached
PlantDoc,tomato_late_blight,https://raw.githubusercontent.com/pratikkayal/PlantDoc-Dataset/master/train/Tomato%20leaf%20late%20blight/TomatoLateBlight-3-Underside-2ebj05b-300x225.jpg,train,image_0176,/content/selected_images/PlantDoc/train/tomato_late_blight/image_0176.jpg,cached
PlantVillage,tomato_early_blight,https://raw.githubusercontent.com/spMohanty/PlantVillage-Dataset/master/raw/color/Tomato___Early_blight/43e84adf-0897-47dc-97a4-94ef0e83eef5___RS_Erly.B%206399.JPG,train,image_0177,/content/selected_images/PlantVillage/train/tomato_early_blight/image_0177.jpg,cached
PlantVillage,pepper_healthy,https://raw.githubusercontent.com/spMohanty/PlantVillage-Dataset/master/raw/color/Pepper%2C_bell___healthy/2f2aa4d8-cb43-4745-8cac-7560829ba950___JR_HL%208020.JPG,train,image_0178,/content/selected_images/PlantVillage/train/pepper_healthy/image_0178.jpg,cached
PlantDoc,tomato_bacterial_spot,https://raw.githubusercontent.com/pratikkayal/PlantDoc-Dataset/master/train/Tomato%20leaf%20bacterial%20spot/BacterialSpot07.jpg,train,image_0179,/content/selected_images/PlantDoc/train/tomato_bacterial_spot/image_0179.jpg,cached
PlantVillage,tomato_bacterial_spot,https://raw.githubusercontent.com/spMohanty/PlantVillage-Dataset/master/raw/color/Tomato___Bacterial_spot/c8992021-b57f-49e9-a2cf-336f6172ca29___GCREC_Bact.Sp%203079.JPG,train,image_0180,/content/selected_images/PlantVillage/train/tomato_bacterial_spot/image_0180.jpg,cached
PlantDoc,pepper_leaf_spot,https://raw.githubusercontent.com/pratikkayal/PlantDoc-Dataset/master/train/Bell_pepper%20leaf%20spot/may27pepleaes002.jpg,train,image_0181,/content/selected_images/PlantDoc/train/pepper_leaf_spot/image_0181.jpg,cached
PlantDoc,tomato_early_blight,https://raw.githubusercontent.com/pratikkayal/PlantDoc-Dataset/master/train/Tomato%20Early%20blight%20leaf/MPC105550.jpg.rendition.largest.ss.jpg,train,image_0182,/content/selected_images/PlantDoc/train/tomato_early_blight/image_0182.jpg,cached
PlantDoc,tomato_leaf_mould,https://raw.githubusercontent.com/pratikkayal/PlantDoc-Dataset/master/train/Tomato%20mold%20leaf/Leaf-mold-caused-by-the-fungal-pathogen-Passalore-fulva-in-tomatoes.jpg,train,image_0183,/content/selected_images/PlantDoc/train/tomato_leaf_mould/image_0183.jpg,cached
PlantDoc,pepper_leaf_spot,https://raw.githubusercontent.com/pratikkayal/PlantDoc-Dataset/master/train/Bell_pepper%20leaf%20spot/02.jpg,train,image_0184,/content/selected_images/PlantDoc/train/pepper_leaf_spot/image_0184.jpg,cached
PlantVillage,tomato_late_blight,https://raw.githubusercontent.com/spMohanty/PlantVillage-Dataset/master/raw/color/Tomato___Late_blight/7f8eaaf9-901f-4628-b706-7257b3e67303___RS_Late.B%206025.JPG,train,image_0185,/content/selected_images/PlantVillage/train/tomato_late_blight/image_0185.jpg,cached
PlantDoc,tomato_septoria_leaf_spot,https://raw.githubusercontent.com/pratikkayal/PlantDoc-Dataset/master/test/Tomato%20Septoria%20leaf%20spot/7-17-Photo3_Septoria-MARY.jpg,train,image_0186,/content/selected_images/PlantDoc/train/tomato_septoria_leaf_spot/image_0186.jpg,cached
PlantVillage,tomato_septoria_leaf_spot,https://raw.githubusercontent.com/spMohanty/PlantVillage-Dataset/master/raw/color/Tomato___Septoria_leaf_spot/041684a2-1a2c-430f-ab09-b17293f015bc___JR_Sept.L.S%208400.JPG,train,image_0187,/content/selected_images/PlantVillage/train/tomato_septoria_leaf_spot/image_0187.jpg,cached
PlantDoc,tomato_bacterial_spot,https://raw.githubusercontent.com/pratikkayal/PlantDoc-Dataset/master/train/Tomato%20leaf%20bacterial%20spot/b-speck.jpg,train,image_0188,/content/selected_images/PlantDoc/train/tomato_bacterial_spot/image_0188.jpg,cached
PlantVillage,pepper_healthy,https://raw.githubusercontent.com/spMohanty/PlantVillage-Dataset/master/raw/color/Pepper%2C_bell___healthy/f822e8d5-6cb7-40ad-a6ce-b92105e7ce03___JR_HL%207905.JPG,train,image_0189,/content/selected_images/PlantVillage/train/pepper_healthy/image_0189.jpg,cached
PlantVillage,pepper_healthy,https://raw.githubusercontent.com/spMohanty/PlantVillage-Dataset/master/raw/color/Pepper%2C_bell___healthy/023563f1-a71a-433d-aefc-d6c7aef8e9eb___JR_HL%208067.JPG,test,image_0190,/content/selected_images/PlantVillage/test/pepper_healthy/image_0190.jpg,cached
PlantDoc,tomato_bacterial_spot,https://raw.githubusercontent.com/pratikkayal/PlantDoc-Dataset/master/train/Tomato%20leaf%20bacterial%20spot/Tomato%2520greenhouse%2520phythotoxicity03F.JPG.jpg,train,image_0191,/content/selected_images/PlantDoc/train/tomato_bacterial_spot/image_0191.jpg,cached
PlantVillage,tomato_late_blight,https://raw.githubusercontent.com/spMohanty/PlantVillage-Dataset/master/raw/color/Tomato___Late_blight/f5e90a98-8ea6-4547-a417-8370d08a1e1f___RS_Late.B%205196.JPG,train,image_0192,/content/selected_images/PlantVillage/train/tomato_late_blight/image_0192.jpg,cached
PlantVillage,tomato_septoria_leaf_spot,https://raw.githubusercontent.com/spMohanty/PlantVillage-Dataset/master/raw/color/Tomato___Septoria_leaf_spot/a8056fd4-4ac0-46c4-a7c5-905b4bf87760___Keller.St_CG%201782.JPG,train,image_0193,/content/selected_images/PlantVillage/train/tomato_septoria_leaf_spot/image_0193.jpg,cached
PlantVillage,tomato_early_blight,https://raw.githubusercontent.com/spMohanty/PlantVillage-Dataset/master/raw/color/Tomato___Early_blight/df9e0c7e-59cb-4a87-abbd-66f0f78e5130___RS_Erly.B%208275.JPG,train,image_0194,/content/selected_images/PlantVillage/train/tomato_early_blight/image_0194.jpg,cached
PlantDoc,pepper_leaf_spot,https://raw.githubusercontent.com/pratikkayal/PlantDoc-Dataset/master/test/Bell_pepper%20leaf%20spot/Bacterial-spot-pepper2.jpg,test,image_0195,/content/selected_images/PlantDoc/test/pepper_leaf_spot/image_0195.jpg,cached
PlantVillage,tomato_septoria_leaf_spot,https://raw.githubusercontent.com/spMohanty/PlantVillage-Dataset/master/raw/color/Tomato___Septoria_leaf_spot/cf72fe62-8411-4b4e-b4df-98c6683c00ca___Keller.St_CG%201816.JPG,train,image_0196,/content/selected_images/PlantVillage/train/tomato_septoria_leaf_spot/image_0196.jpg,cached
PlantVillage,pepper_leaf_spot,https://raw.githubusercontent.com/spMohanty/PlantVillage-Dataset/master/raw/color/Pepper%2C_bell___Bacterial_spot/d613de53-a4c4-49af-a909-29c4354c5ff2___NREC_B.Spot%209224.JPG,train,image_0197,/content/selected_images/PlantVillage/train/pepper_leaf_spot/image_0197.jpg,cached
PlantVillage,pepper_leaf_spot,https://raw.githubusercontent.com/spMohanty/PlantVillage-Dataset/master/raw/color/Pepper%2C_bell___Bacterial_spot/2b562d10-5ccf-4f20-aadc-2e1480bd303e___JR_B.Spot%203256.JPG,train,image_0198,/content/selected_images/PlantVillage/train/pepper_leaf_spot/image_0198.jpg,cached
PlantDoc,tomato_early_blight,https://raw.githubusercontent.com/pratikkayal/PlantDoc-Dataset/master/train/Tomato%20Early%20blight%20leaf/p1020083cs.jpg,test,image_0199,/content/selected_images/PlantDoc/test/tomato_early_blight/image_0199.jpg,cached
PlantVillage,tomato_early_blight,https://raw.githubusercontent.com/spMohanty/PlantVillage-Dataset/master/raw/color/Tomato___Early_blight/a7aac68f-92a8-42dd-ad5b-662c172fa594___RS_Erly.B%207579.JPG,train,image_0200,/content/selected_images/PlantVillage/train/tomato_early_blight/image_0200.jpg,cached
PlantVillage,pepper_leaf_spot,https://raw.githubusercontent.com/spMohanty/PlantVillage-Dataset/master/raw/color/Pepper%2C_bell___Bacterial_spot/424602ec-36eb-425c-8bd9-73be3e544cf2___NREC_B.Spot%209251.JPG,test,image_0201,/content/selected_images/PlantVillage/test/pepper_leaf_spot/image_0201.jpg,cached
PlantDoc,pepper_healthy,https://raw.githubusercontent.com/pratikkayal/PlantDoc-Dataset/master/test/Bell_pepper%20leaf/4825902504_5fa80b65b8_z.jpg,train,image_0202,/content/selected_images/PlantDoc/train/pepper_healthy/image_0202.jpg,cached
PlantVillage,tomato_late_blight,https://raw.githubusercontent.com/spMohanty/PlantVillage-Dataset/master/raw/color/Tomato___Late_blight/77730acc-705a-4b8f-8e3a-dc70bd348d40___GHLB_PS%20Leaf%2032%20Day%2013.jpg,train,image_0203,/content/selected_images/PlantVillage/train/tomato_late_blight/image_0203.jpg,cached
PlantVillage,tomato_late_blight,https://raw.githubusercontent.com/spMohanty/PlantVillage-Dataset/master/raw/color/Tomato___Late_blight/cac3a565-799f-4b66-a575-5ad6ff356d37___GHLB_PS%20Leaf%202.3%20Day%208.jpg,train,image_0204,/content/selected_images/PlantVillage/train/tomato_late_blight/image_0204.jpg,cached
PlantVillage,tomato_leaf_mould,https://raw.githubusercontent.com/spMohanty/PlantVillage-Dataset/master/raw/color/Tomato___Leaf_Mold/176dba1d-32f5-4050-a475-7beb5ce39245___Crnl_L.Mold%206797.JPG,train,image_0205,/content/selected_images/PlantVillage/train/tomato_leaf_mould/image_0205.jpg,cached
PlantDoc,pepper_healthy,https://raw.githubusercontent.com/pratikkayal/PlantDoc-Dataset/master/train/Bell_pepper%20leaf/pepper.jpg,train,image_0206,/content/selected_images/PlantDoc/train/pepper_healthy/image_0206.jpg,cached
PlantVillage,tomato_leaf_mould,https://raw.githubusercontent.com/spMohanty/PlantVillage-Dataset/master/raw/color/Tomato___Leaf_Mold/a9f6aedd-4f87-4547-8aad-a36b1f4c3677___Crnl_L.Mold%207066.JPG,train,image_0207,/content/selected_images/PlantVillage/train/tomato_leaf_mould/image_0207.jpg,cached
PlantVillage,pepper_healthy,https://raw.githubusercontent.com/spMohanty/PlantVillage-Dataset/master/raw/color/Pepper%2C_bell___healthy/0984b7ed-2a64-40fe-b0fa-ff440b0fc8e4___JR_HL%208600.JPG,train,image_0208,/content/selected_images/PlantVillage/train/pepper_healthy/image_0208.jpg,cached
PlantVillage,pepper_leaf_spot,https://raw.githubusercontent.com/spMohanty/PlantVillage-Dataset/master/raw/color/Pepper%2C_bell___Bacterial_spot/37e9bf3a-85da-4114-8e69-185498b9a9af___JR_B.Spot%203337.JPG,train,image_0209,/content/selected_images/PlantVillage/train/pepper_leaf_spot/image_0209.jpg,cached
PlantVillage,tomato_late_blight,https://raw.githubusercontent.com/spMohanty/PlantVillage-Dataset/master/raw/color/Tomato___Late_blight/ea8996e6-05f4-4792-9704-e2c796b0fbf2___RS_Late.B%205075.JPG,train,image_0210,/content/selected_images/PlantVillage/train/tomato_late_blight/image_0210.jpg,cached
PlantVillage,tomato_septoria_leaf_spot,https://raw.githubusercontent.com/spMohanty/PlantVillage-Dataset/master/raw/color/Tomato___Septoria_leaf_spot/fcd7b23f-81f6-4e31-9c8f-66dc04a44f2c___Keller.St_CG%201826.JPG,test,image_0211,/content/selected_images/PlantVillage/test/tomato_septoria_leaf_spot/image_0211.jpg,cached
PlantVillage,tomato_early_blight,https://raw.githubusercontent.com/spMohanty/PlantVillage-Dataset/master/raw/color/Tomato___Early_blight/19427ace-5a24-4e30-8a4d-228ab4a3b99b___RS_Erly.B%207403.JPG,train,image_0212,/content/selected_images/PlantVillage/train/tomato_early_blight/image_0212.jpg,cached
PlantVillage,tomato_bacterial_spot,https://raw.githubusercontent.com/spMohanty/PlantVillage-Dataset/master/raw/color/Tomato___Bacterial_spot/88952ffa-2794-4088-8e71-ea69de1dc141___GCREC_Bact.Sp%203612.JPG,train,image_0213,/content/selected_images/PlantVillage/train/tomato_bacterial_spot/image_0213.jpg,cached
PlantVillage,pepper_healthy,https://raw.githubusercontent.com/spMohanty/PlantVillage-Dataset/master/raw/color/Pepper%2C_bell___healthy/547251ae-ce0c-423b-8d1f-afec4f2eb7bd___JR_HL%208227.JPG,train,image_0214,/content/selected_images/PlantVillage/train/pepper_healthy/image_0214.jpg,cached
PlantVillage,pepper_healthy,https://raw.githubusercontent.com/spMohanty/PlantVillage-Dataset/master/raw/color/Pepper%2C_bell___healthy/de2f3a82-6e1b-4697-882f-1bb01dae700e___JR_HL%208491.JPG,test,image_0215,/content/selected_images/PlantVillage/test/pepper_healthy/image_0215.jpg,cached
PlantDoc,tomato_bacterial_spot,https://raw.githubusercontent.com/pratikkayal/PlantDoc-Dataset/master/train/Tomato%20leaf%20bacterial%20spot/TC3.jpg,train,image_0216,/content/selected_images/PlantDoc/train/tomato_bacterial_spot/image_0216.jpg,cached
PlantDoc,tomato_late_blight,https://raw.githubusercontent.com/pratikkayal/PlantDoc-Dataset/master/train/Tomato%20leaf%20late%20blight/a7710b5901ba1f8e9759ef7576cd9f09.jpg,train,image_0217,/content/selected_images/PlantDoc/train/tomato_late_blight/image_0217.jpg,cached
PlantDoc,tomato_healthy,https://raw.githubusercontent.com/pratikkayal/PlantDoc-Dataset/master/train/Tomato%20leaf/depositphotos_7182856-stock-photo-tomato-leaf.jpg,train,image_0218,/content/selected_images/PlantDoc/train/tomato_healthy/image_0218.jpg,cached
PlantDoc,tomato_leaf_mould,https://raw.githubusercontent.com/pratikkayal/PlantDoc-Dataset/master/train/Tomato%20mold%20leaf/leaf_mold_tomato3x1200.jpg,train,image_0219,/content/selected_images/PlantDoc/train/tomato_leaf_mould/image_0219.jpg,cached
PlantVillage,pepper_leaf_spot,https://raw.githubusercontent.com/spMohanty/PlantVillage-Dataset/master/raw/color/Pepper%2C_bell___Bacterial_spot/ef606668-5aae-4600-a788-1834b6bc3f49___NREC_B.Spot%201804.JPG,train,image_0220,/content/selected_images/PlantVillage/train/pepper_leaf_spot/image_0220.jpg,cached
PlantDoc,tomato_healthy,https://raw.githubusercontent.com/pratikkayal/PlantDoc-Dataset/master/train/Tomato%20leaf/happier-inside.jpg,train,image_0221,/content/selected_images/PlantDoc/train/tomato_healthy/image_0221.jpg,cached
PlantVillage,tomato_bacterial_spot,https://raw.githubusercontent.com/spMohanty/PlantVillage-Dataset/master/raw/color/Tomato___Bacterial_spot/41c2f403-dd59-43dc-9b36-f5e277954630___UF.GRC_BS_Lab%20Leaf%208986.JPG,test,image_0222,/content/selected_images/PlantVillage/test/tomato_bacterial_spot/image_0222.jpg,cached
PlantVillage,tomato_late_blight,https://raw.githubusercontent.com/spMohanty/PlantVillage-Dataset/master/raw/color/Tomato___Late_blight/0c73c79f-a384-4729-83c7-72c9b04da20c___GHLB2%20Leaf%208927.JPG,train,image_0223,/content/selected_images/PlantVillage/train/tomato_late_blight/image_0223.jpg,cached
PlantDoc,tomato_bacterial_spot,https://raw.githubusercontent.com/pratikkayal/PlantDoc-Dataset/master/train/Tomato%20leaf%20bacterial%20spot/tomato-plant-diseases-identification-leaf-spot-tomato-disease-tomato-plant-fungus-identification.jpg,train,image_0224,/content/selected_images/PlantDoc/train/tomato_bacterial_spot/image_0224.jpg,cached
PlantDoc,tomato_septoria_leaf_spot,https://raw.githubusercontent.com/pratikkayal/PlantDoc-Dataset/master/train/Tomato%20Septoria%20leaf%20spot/tomato-septoria-leaf-spot-600.jpg,test,image_0225,/content/selected_images/PlantDoc/test/tomato_septoria_leaf_spot/image_0225.jpg,cached
PlantDoc,pepper_healthy,https://raw.githubusercontent.com/pratikkayal/PlantDoc-Dataset/master/test/Bell_pepper%20leaf/why-are-my-pepper-plants-yellow-yellow-pepper-plants-yellow-leaves-green-veins-pepper-plants-yellow-veins.jpg,train,image_0226,/content/selected_images/PlantDoc/train/pepper_healthy/image_0226.jpg,cached
PlantVillage,tomato_septoria_leaf_spot,https://raw.githubusercontent.com/spMohanty/PlantVillage-Dataset/master/raw/color/Tomato___Septoria_leaf_spot/0c48052c-232b-4ea7-b77d-322f5f642612___Matt.S_CG%207724.JPG,train,image_0227,/content/selected_images/PlantVillage/train/tomato_septoria_leaf_spot/image_0227.jpg,cached
PlantDoc,tomato_late_blight,https://raw.githubusercontent.com/pratikkayal/PlantDoc-Dataset/master/test/Tomato%20leaf%20late%20blight/636368370164094909-late-blight-15-.jpg,train,image_0228,/content/selected_images/PlantDoc/train/tomato_late_blight/image_0228.jpg,cached
PlantVillage,pepper_healthy,https://raw.githubusercontent.com/spMohanty/PlantVillage-Dataset/master/raw/color/Pepper%2C_bell___healthy/fa421fcb-ba24-4562-bf15-0ba854194d70___JR_HL%207641.JPG,train,image_0229,/content/selected_images/PlantVillage/train/pepper_healthy/image_0229.jpg,cached
PlantVillage,pepper_leaf_spot,https://raw.githubusercontent.com/spMohanty/PlantVillage-Dataset/master/raw/color/Pepper%2C_bell___Bacterial_spot/f3cc0f80-ee73-47d4-b084-fd811ebe0206___NREC_B.Spot%201917.JPG,train,image_0230,/content/selected_images/PlantVillage/train/pepper_leaf_spot/image_0230.jpg,cached
PlantVillage,pepper_healthy,https://raw.githubusercontent.com/spMohanty/PlantVillage-Dataset/master/raw/color/Pepper%2C_bell___healthy/1fdbead6-97f6-4712-8c5e-2a1285e1e777___JR_HL%208681.JPG,train,image_0231,/content/selected_images/PlantVillage/train/pepper_healthy/image_0231.jpg,cached
PlantVillage,tomato_leaf_mould,https://raw.githubusercontent.com/spMohanty/PlantVillage-Dataset/master/raw/color/Tomato___Leaf_Mold/2914fe18-387e-4d7f-8580-a0b530d7e727___Crnl_L.Mold%206777.JPG,train,image_0232,/content/selected_images/PlantVillage/train/tomato_leaf_mould/image_0232.jpg,cached
PlantVillage,tomato_late_blight,https://raw.githubusercontent.com/spMohanty/PlantVillage-Dataset/master/raw/color/Tomato___Late_blight/993825d6-dbbd-41b8-9993-c68c3504eff8___GHLB_PS%20Leaf%2036%20Day%2013.jpg,test,image_0233,/content/selected_images/PlantVillage/test/tomato_late_blight/image_0233.jpg,cached
PlantDoc,pepper_healthy,https://raw.githubusercontent.com/pratikkayal/PlantDoc-Dataset/master/test/Bell_pepper%20leaf/10148582-green-leaf-of-pepper.jpg,test,image_0234,/content/selected_images/PlantDoc/test/pepper_healthy/image_0234.jpg,cached
PlantDoc,pepper_healthy,https://raw.githubusercontent.com/pratikkayal/PlantDoc-Dataset/master/train/Bell_pepper%20leaf/M7JV1.jpg,train,image_0235,/content/selected_images/PlantDoc/train/pepper_healthy/image_0235.jpg,cached
PlantDoc,pepper_healthy,https://raw.githubusercontent.com/pratikkayal/PlantDoc-Dataset/master/train/Bell_pepper%20leaf/P4190299aS.jpg,test,image_0236,/content/selected_images/PlantDoc/test/pepper_healthy/image_0236.jpg,cached
PlantVillage,tomato_septoria_leaf_spot,https://raw.githubusercontent.com/spMohanty/PlantVillage-Dataset/master/raw/color/Tomato___Septoria_leaf_spot/c0d1a292-8b42-47b2-967e-0026af3988be___Matt.S_CG%201015.JPG,train,image_0237,/content/selected_images/PlantVillage/train/tomato_septoria_leaf_spot/image_0237.jpg,cached
PlantVillage,pepper_leaf_spot,https://raw.githubusercontent.com/spMohanty/PlantVillage-Dataset/master/raw/color/Pepper%2C_bell___Bacterial_spot/f65e0539-ea15-4998-91bf-e74870b22caf___JR_B.Spot%209052.JPG,train,image_0238,/content/selected_images/PlantVillage/train/pepper_leaf_spot/image_0238.jpg,cached
PlantVillage,tomato_late_blight,https://raw.githubusercontent.com/spMohanty/PlantVillage-Dataset/master/raw/color/Tomato___Late_blight/2fb21107-3a44-45fa-91da-07355b622e14___RS_Late.B%205307.JPG,train,image_0239,/content/selected_images/PlantVillage/train/tomato_late_blight/image_0239.jpg,cached
PlantVillage,tomato_late_blight,https://raw.githubusercontent.com/spMohanty/PlantVillage-Dataset/master/raw/color/Tomato___Late_blight/434242f4-5988-41b8-9ab3-375b76b31766___RS_Late.B%206497.JPG,test,image_0240,/content/selected_images/PlantVillage/test/tomato_late_blight/image_0240.jpg,cached
PlantVillage,pepper_healthy,https://raw.githubusercontent.com/spMohanty/PlantVillage-Dataset/master/raw/color/Pepper%2C_bell___healthy/d212a7d8-8b14-4461-8cdd-d946cc366724___JR_HL%208360.JPG,train,image_0241,/content/selected_images/PlantVillage/train/pepper_healthy/image_0241.jpg,cached
PlantVillage,pepper_healthy,https://raw.githubusercontent.com/spMohanty/PlantVillage-Dataset/master/raw/color/Pepper%2C_bell___healthy/dbced313-fc2a-4780-bf86-b50d1934580c___JR_HL%207565.JPG,test,image_0242,/content/selected_images/PlantVillage/test/pepper_healthy/image_0242.jpg,cached
PlantDoc,pepper_healthy,https://raw.githubusercontent.com/pratikkayal/PlantDoc-Dataset/master/train/Bell_pepper%20leaf/Bell-pepper-plant.JPG.jpg,train,image_0243,/content/selected_images/PlantDoc/train/pepper_healthy/image_0243.jpg,cached
PlantVillage,tomato_late_blight,https://raw.githubusercontent.com/spMohanty/PlantVillage-Dataset/master/raw/color/Tomato___Late_blight/cd8e0f91-3cbd-4327-9966-e8d3424d2612___GHLB2%20Leaf%208713.JPG,train,image_0244,/content/selected_images/PlantVillage/train/tomato_late_blight/image_0244.jpg,cached
PlantDoc,tomato_early_blight,https://raw.githubusercontent.com/pratikkayal/PlantDoc-Dataset/master/train/Tomato%20Early%20blight%20leaf/earlyblighttomato.jpg,train,image_0245,/content/selected_images/PlantDoc/train/tomato_early_blight/image_0245.jpg,cached
PlantDoc,tomato_late_blight,https://raw.githubusercontent.com/pratikkayal/PlantDoc-Dataset/master/train/Tomato%20leaf%20late%20blight/924977LateBlightLeaf.jpg,train,image_0246,/content/selected_images/PlantDoc/train/tomato_late_blight/image_0246.jpg,cached
PlantVillage,tomato_bacterial_spot,https://raw.githubusercontent.com/spMohanty/PlantVillage-Dataset/master/raw/color/Tomato___Bacterial_spot/9a8c7e68-6887-40f1-b0f4-94bb5b678264___UF.GRC_BS_Lab%20Leaf%200399.JPG,train,image_0247,/content/selected_images/PlantVillage/train/tomato_bacterial_spot/image_0247.jpg,cached
PlantVillage,tomato_septoria_leaf_spot,https://raw.githubusercontent.com/spMohanty/PlantVillage-Dataset/master/raw/color/Tomato___Septoria_leaf_spot/263f010b-28f0-493b-a5c2-099405b3a117___Keller.St_CG%201895.JPG,train,image_0248,/content/selected_images/PlantVillage/train/tomato_septoria_leaf_spot/image_0248.jpg,cached
PlantVillage,pepper_leaf_spot,https://raw.githubusercontent.com/spMohanty/PlantVillage-Dataset/master/raw/color/Pepper%2C_bell___Bacterial_spot/af404304-673d-4788-b622-104f2cb0e7be___JR_B.Spot%203257.JPG,train,image_0249,/content/selected_images/PlantVillage/train/pepper_leaf_spot/image_0249.jpg,cached
PlantVillage,tomato_early_blight,https://raw.githubusercontent.com/spMohanty/PlantVillage-Dataset/master/raw/color/Tomato___Early_blight/32e59188-5c46-4369-8991-5acfa253263b___RS_Erly.B%207781.JPG,train,image_0250,/content/selected_images/PlantVillage/train/tomato_early_blight/image_0250.jpg,cached
PlantDoc,tomato_septoria_leaf_spot,https://raw.githubusercontent.com/pratikkayal/PlantDoc-Dataset/master/train/Tomato%20Septoria%20leaf%20spot/Septoria_Leaf_Spot.jpg,train,image_0251,/content/selected_images/PlantDoc/train/tomato_septoria_leaf_spot/image_0251.jpg,cached
PlantDoc,pepper_leaf_spot,https://raw.githubusercontent.com/pratikkayal/PlantDoc-Dataset/master/train/Bell_pepper%20leaf%20spot/pepper-plant-leaves-holes-in-pepper-plant-leaves-holes-in-pepper-plant-leaves-small-holes-in-pepper-plant-leaves-pepper-plant-leaves-eaten.jpg,train,image_0252,/content/selected_images/PlantDoc/train/pepper_leaf_spot/image_0252.jpg,cached
PlantVillage,tomato_late_blight,https://raw.githubusercontent.com/spMohanty/PlantVillage-Dataset/master/raw/color/Tomato___Late_blight/fd40e99e-2c60-42c1-a962-8681814b4e6e___GHLB2%20Leaf%20120.JPG,train,image_0253,/content/selected_images/PlantVillage/train/tomato_late_blight/image_0253.jpg,cached
PlantDoc,tomato_leaf_mould,https://raw.githubusercontent.com/pratikkayal/PlantDoc-Dataset/master/train/Tomato%20mold%20leaf/Problem-2a.jpg,train,image_0254,/content/selected_images/PlantDoc/train/tomato_leaf_mould/image_0254.jpg,cached
PlantVillage,tomato_bacterial_spot,https://raw.githubusercontent.com/spMohanty/PlantVillage-Dataset/master/raw/color/Tomato___Bacterial_spot/eba8000b-ecbc-4417-bc21-67c7e4dd8c8d___GCREC_Bact.Sp%205916.JPG,train,image_0255,/content/selected_images/PlantVillage/train/tomato_bacterial_spot/image_0255.jpg,cached
PlantDoc,tomato_leaf_mould,https://raw.githubusercontent.com/pratikkayal/PlantDoc-Dataset/master/train/Tomato%20mold%20leaf/Leaf-mold3.jpg,train,image_0256,/content/selected_images/PlantDoc/train/tomato_leaf_mould/image_0256.jpg,cached
PlantVillage,tomato_bacterial_spot,https://raw.githubusercontent.com/spMohanty/PlantVillage-Dataset/master/raw/color/Tomato___Bacterial_spot/68a97dc7-5cb3-4e41-8017-ae149e568d36___GCREC_Bact.Sp%205849.JPG,train,image_0257,/content/selected_images/PlantVillage/train/tomato_bacterial_spot/image_0257.jpg,cached
PlantDoc,tomato_bacterial_spot,https://raw.githubusercontent.com/pratikkayal/PlantDoc-Dataset/master/train/Tomato%20leaf%20bacterial%20spot/bacterialLeafSpot07-2jqdlmz.jpg,train,image_0258,/content/selected_images/PlantDoc/train/tomato_bacterial_spot/image_0258.jpg,cached
PlantDoc,tomato_bacterial_spot,https://raw.githubusercontent.com/pratikkayal/PlantDoc-Dataset/master/train/Tomato%20leaf%20bacterial%20spot/bacterialSpeck03510339f27656b-1scmgh1.jpg,train,image_0259,/content/selected_images/PlantDoc/train/tomato_bacterial_spot/image_0259.jpg,cached
PlantDoc,tomato_late_blight,https://raw.githubusercontent.com/pratikkayal/PlantDoc-Dataset/master/train/Tomato%20leaf%20late%20blight/TomatoBlight.JPG.jpg,train,image_0260,/content/selected_images/PlantDoc/train/tomato_late_blight/image_0260.jpg,cached
PlantVillage,tomato_bacterial_spot,https://raw.githubusercontent.com/spMohanty/PlantVillage-Dataset/master/raw/color/Tomato___Bacterial_spot/24408a22-6358-438e-99a1-729ea90726ad___GCREC_Bact.Sp%203645.JPG,train,image_0261,/content/selected_images/PlantVillage/train/tomato_bacterial_spot/image_0261.jpg,cached
PlantDoc,tomato_late_blight,https://raw.githubusercontent.com/pratikkayal/PlantDoc-Dataset/master/train/Tomato%20leaf%20late%20blight/20150619d.jpg,train,image_0262,/content/selected_images/PlantDoc/train/tomato_late_blight/image_0262.jpg,cached
PlantVillage,tomato_late_blight,https://raw.githubusercontent.com/spMohanty/PlantVillage-Dataset/master/raw/color/Tomato___Late_blight/6e42a5dd-9354-454e-bca2-ea0cb4663de4___GHLB2%20Leaf%208675.JPG,train,image_0263,/content/selected_images/PlantVillage/train/tomato_late_blight/image_0263.jpg,cached
PlantDoc,tomato_leaf_mould,https://raw.githubusercontent.com/pratikkayal/PlantDoc-Dataset/master/test/Tomato%20mold%20leaf/50%2520Leafmold%2520Top.jpg,train,image_0264,/content/selected_images/PlantDoc/train/tomato_leaf_mould/image_0264.jpg,cached
PlantVillage,tomato_septoria_leaf_spot,https://raw.githubusercontent.com/spMohanty/PlantVillage-Dataset/master/raw/color/Tomato___Septoria_leaf_spot/dfde75b3-9cba-4b76-85ce-df8fb517976a___JR_Sept.L.S%202716.JPG,train,image_0265,/content/selected_images/PlantVillage/train/tomato_septoria_leaf_spot/image_0265.jpg,cached
PlantDoc,tomato_leaf_mould,https://raw.githubusercontent.com/pratikkayal/PlantDoc-Dataset/master/train/Tomato%20mold%20leaf/gray-leaf-spot-300x225.jpg,train,image_0266,/content/selected_images/PlantDoc/train/tomato_leaf_mould/image_0266.jpg,cached
PlantVillage,tomato_late_blight,https://raw.githubusercontent.com/spMohanty/PlantVillage-Dataset/master/raw/color/Tomato___Late_blight/9f824326-5b34-4f6d-b500-a184cc984d0a___RS_Late.B%205382.JPG,train,image_0267,/content/selected_images/PlantVillage/train/tomato_late_blight/image_0267.jpg,cached
PlantVillage,tomato_septoria_leaf_spot,https://raw.githubusercontent.com/spMohanty/PlantVillage-Dataset/master/raw/color/Tomato___Septoria_leaf_spot/e00a3416-ed8b-4693-8eaf-09d03653a628___Matt.S_CG%206085.JPG,train,image_0268,/content/selected_images/PlantVillage/train/tomato_septoria_leaf_spot/image_0268.jpg,cached
PlantDoc,tomato_septoria_leaf_spot,https://raw.githubusercontent.com/pratikkayal/PlantDoc-Dataset/master/train/Tomato%20Septoria%20leaf%20spot/Tomato%2BProblems%2BSeptoria%2BLeaf%2BSpot.jpg,train,image_0269,/content/selected_images/PlantDoc/train/tomato_septoria_leaf_spot/image_0269.jpg,cached
PlantVillage,tomato_late_blight,https://raw.githubusercontent.com/spMohanty/PlantVillage-Dataset/master/raw/color/Tomato___Late_blight/56226d25-dadc-4c38-8a06-cba810b38c42___GHLB2%20Leaf%20154.1.JPG,test,image_0270,/content/selected_images/PlantVillage/test/tomato_late_blight/image_0270.jpg,cached
PlantVillage,pepper_healthy,https://raw.githubusercontent.com/spMohanty/PlantVillage-Dataset/master/raw/color/Pepper%2C_bell___healthy/265d5430-3017-440a-b4f3-abfa0d2cbaed___JR_HL%207608.JPG,train,image_0271,/content/selected_images/PlantVillage/train/pepper_healthy/image_0271.jpg,cached
PlantVillage,tomato_healthy,https://raw.githubusercontent.com/spMohanty/PlantVillage-Dataset/master/raw/color/Tomato___healthy/c30a18fe-8a24-4f0e-9c33-ed8632eead8e___RS_HL%209965.JPG,train,image_0272,/content/selected_images/PlantVillage/train/tomato_healthy/image_0272.jpg,cached
PlantDoc,pepper_healthy,https://raw.githubusercontent.com/pratikkayal/PlantDoc-Dataset/master/train/Bell_pepper%20leaf/stock-photo-closeup-of-underside-of-bell-pepper-leaf-isolated-on-white-background-114184570.jpg,test,image_0273,/content/selected_images/PlantDoc/test/pepper_healthy/image_0273.jpg,cached
PlantDoc,tomato_healthy,https://raw.githubusercontent.com/pratikkayal/PlantDoc-Dataset/master/train/Tomato%20leaf/9bfac1dea7f401e3b379dab33f535bb4.jpg,test,image_0274,/content/selected_images/PlantDoc/test/tomato_healthy/image_0274.jpg,cached
PlantDoc,tomato_healthy,https://raw.githubusercontent.com/pratikkayal/PlantDoc-Dataset/master/train/Tomato%20leaf/2013-08-20-04.jpg,train,image_0275,/content/selected_images/PlantDoc/train/tomato_healthy/image_0275.jpg,cached
PlantVillage,tomato_leaf_mould,https://raw.githubusercontent.com/spMohanty/PlantVillage-Dataset/master/raw/color/Tomato___Leaf_Mold/9f25030c-39e2-4a62-a586-40e3c26f60bb___Crnl_L.Mold%206657.JPG,train,image_0276,/content/selected_images/PlantVillage/train/tomato_leaf_mould/image_0276.jpg,cached
PlantDoc,tomato_early_blight,https://raw.githubusercontent.com/pratikkayal/PlantDoc-Dataset/master/train/Tomato%20Early%20blight%20leaf/tomato-blight-phytophthora-infestans-early-stages-on-tomato-plant-b5n952.jpg,train,image_0277,/content/selected_images/PlantDoc/train/tomato_early_blight/image_0277.jpg,cached
PlantDoc,pepper_leaf_spot,https://raw.githubusercontent.com/pratikkayal/PlantDoc-Dataset/master/train/Bell_pepper%20leaf%20spot/thrips001.jpg,train,image_0278,/content/selected_images/PlantDoc/train/pepper_leaf_spot/image_0278.jpg,cached
PlantDoc,tomato_early_blight,https://raw.githubusercontent.com/pratikkayal/PlantDoc-Dataset/master/train/Tomato%20Early%20blight%20leaf/Tomato-Early-Blight-e1513806873934.jpg,train,image_0279,/content/selected_images/PlantDoc/train/tomato_early_blight/image_0279.jpg,cached
PlantDoc,pepper_leaf_spot,https://raw.githubusercontent.com/pratikkayal/PlantDoc-Dataset/master/train/Bell_pepper%20leaf%20spot/4-dogwood_pm.jpg,train,image_0280,/content/selected_images/PlantDoc/train/pepper_leaf_spot/image_0280.jpg,cached
PlantDoc,tomato_leaf_mould,https://raw.githubusercontent.com/pratikkayal/PlantDoc-Dataset/master/train/Tomato%20mold%20leaf/d-to-tylv-fo005-14496A31BE70553130A.jpg,train,image_0281,/content/selected_images/PlantDoc/train/tomato_leaf_mould/image_0281.jpg,cached
PlantDoc,tomato_bacterial_spot,https://raw.githubusercontent.com/pratikkayal/PlantDoc-Dataset/master/train/Tomato%20leaf%20bacterial%20spot/Canker-GHTom-CAG-leaf-collapse-copy-50-QUALITY-1ur7cyk.jpg,train,image_0282,/content/selected_images/PlantDoc/train/tomato_bacterial_spot/image_0282.jpg,cached
PlantDoc,pepper_healthy,https://raw.githubusercontent.com/pratikkayal/PlantDoc-Dataset/master/train/Bell_pepper%20leaf/e8199bb0e4a7edf94351ca07a5aadc06.jpg,train,image_0283,/content/selected_images/PlantDoc/train/pepper_healthy/image_0283.jpg,cached
PlantDoc,tomato_late_blight,https://raw.githubusercontent.com/pratikkayal/PlantDoc-Dataset/master/train/Tomato%20leaf%20late%20blight/2017-08-27%252B-%252BLate%252BBlight%252Bon%252BGypsy%252B1.jpg,train,image_0284,/content/selected_images/PlantDoc/train/tomato_late_blight/image_0284.jpg,cached
PlantDoc,tomato_healthy,https://raw.githubusercontent.com/pratikkayal/PlantDoc-Dataset/master/train/Tomato%20leaf/tomato-leaf-26180166.jpg,train,image_0285,/content/selected_images/PlantDoc/train/tomato_healthy/image_0285.jpg,cached
PlantVillage,tomato_leaf_mould,https://raw.githubusercontent.com/spMohanty/PlantVillage-Dataset/master/raw/color/Tomato___Leaf_Mold/9ac5f3a1-d1d0-4b18-9565-e08af681149b___Crnl_L.Mold%206703.JPG,train,image_0286,/content/selected_images/PlantVillage/train/tomato_leaf_mould/image_0286.jpg,cached
PlantDoc,tomato_early_blight,https://raw.githubusercontent.com/pratikkayal/PlantDoc-Dataset/master/train/Tomato%20Early%20blight%20leaf/30053_original.jpg,train,image_0287,/content/selected_images/PlantDoc/train/tomato_early_blight/image_0287.jpg,cached
PlantVillage,tomato_bacterial_spot,https://raw.githubusercontent.com/spMohanty/PlantVillage-Dataset/master/raw/color/Tomato___Bacterial_spot/1dd56ebe-f509-4ec1-a43e-13bd49b263e5___GCREC_Bact.Sp%203832.JPG,train,image_0288,/content/selected_images/PlantVillage/train/tomato_bacterial_spot/image_0288.jpg,cached
PlantVillage,tomato_late_blight,https://raw.githubusercontent.com/spMohanty/PlantVillage-Dataset/master/raw/color/Tomato___Late_blight/b694de0e-542c-4b7a-b322-30cea130719d___GHLB2%20Leaf%208720.JPG,train,image_0289,/content/selected_images/PlantVillage/train/tomato_late_blight/image_0289.jpg,cached
PlantDoc,tomato_bacterial_spot,https://raw.githubusercontent.com/pratikkayal/PlantDoc-Dataset/master/train/Tomato%20leaf%20bacterial%20spot/bac-canker.jpg,train,image_0290,/content/selected_images/PlantDoc/train/tomato_bacterial_spot/image_0290.jpg,cached
PlantVillage,tomato_bacterial_spot,https://raw.githubusercontent.com/spMohanty/PlantVillage-Dataset/master/raw/color/Tomato___Bacterial_spot/9de6c73c-49a3-4cd4-bc44-283a96b12328___GCREC_Bact.Sp%203574.JPG,train,image_0291,/content/selected_images/PlantVillage/train/tomato_bacterial_spot/image_0291.jpg,cached
PlantVillage,pepper_leaf_spot,https://raw.githubusercontent.com/spMohanty/PlantVillage-Dataset/master/raw/color/Pepper%2C_bell___Bacterial_spot/56a3748f-881d-4adb-ab0a-85b5cc6883a9___NREC_B.Spot%209180.JPG,train,image_0292,/content/selected_images/PlantVillage/train/pepper_leaf_spot/image_0292.jpg,cached
PlantVillage,tomato_healthy,https://raw.githubusercontent.com/spMohanty/PlantVillage-Dataset/master/raw/color/Tomato___healthy/0f9a114d-1df8-442c-90e7-d14d2f6efb23___RS_HL%209964.JPG,test,image_0293,/content/selected_images/PlantVillage/test/tomato_healthy/image_0293.jpg,cached
PlantVillage,tomato_early_blight,https://raw.githubusercontent.com/spMohanty/PlantVillage-Dataset/master/raw/color/Tomato___Early_blight/2840c2f1-b901-41c2-8d0c-7827bc7f8ab3___RS_Erly.B%209574.JPG,test,image_0294,/content/selected_images/PlantVillage/test/tomato_early_blight/image_0294.jpg,cached
PlantDoc,tomato_late_blight,https://raw.githubusercontent.com/pratikkayal/PlantDoc-Dataset/master/train/Tomato%20leaf%20late%20blight/August-17-2012-Supplemental-6.jpg,train,image_0295,/content/selected_images/PlantDoc/train/tomato_late_blight/image_0295.jpg,cached
PlantVillage,tomato_late_blight,https://raw.githubusercontent.com/spMohanty/PlantVillage-Dataset/master/raw/color/Tomato___Late_blight/d6ccb948-fdd5-4357-bb6a-c3df838ea465___GHLB_PS%20Leaf%208.1%20Day%208.jpg,train,image_0296,/content/selected_images/PlantVillage/train/tomato_late_blight/image_0296.jpg,cached
PlantVillage,tomato_septoria_leaf_spot,https://raw.githubusercontent.com/spMohanty/PlantVillage-Dataset/master/raw/color/Tomato___Septoria_leaf_spot/51357363-ec5f-4e60-a8ad-43911cd15c16___Matt.S_CG%207854.JPG,train,image_0297,/content/selected_images/PlantVillage/train/tomato_septoria_leaf_spot/image_0297.jpg,cached
PlantVillage,tomato_late_blight,https://raw.githubusercontent.com/spMohanty/PlantVillage-Dataset/master/raw/color/Tomato___Late_blight/69c6df3c-ce76-4bac-a4be-d3efee364c10___GHLB2%20Leaf%208929.JPG,train,image_0298,/content/selected_images/PlantVillage/train/tomato_late_blight/image_0298.jpg,cached
PlantVillage,tomato_healthy,https://raw.githubusercontent.com/spMohanty/PlantVillage-Dataset/master/raw/color/Tomato___healthy/b9046af2-28a7-4546-9107-1ae6d0bb7de7___RS_HL%200174.JPG,train,image_0299,/content/selected_images/PlantVillage/train/tomato_healthy/image_0299.jpg,cached
PlantDoc,pepper_healthy,https://raw.githubusercontent.com/pratikkayal/PlantDoc-Dataset/master/train/Bell_pepper%20leaf/october-bell-peppers.jpg,train,image_0300,/content/selected_images/PlantDoc/train/pepper_healthy/image_0300.jpg,cached
PlantDoc,pepper_leaf_spot,https://raw.githubusercontent.com/pratikkayal/PlantDoc-Dataset/master/test/Bell_pepper%20leaf%20spot/000.jpg,train,image_0301,/content/selected_images/PlantDoc/train/pepper_leaf_spot/image_0301.jpg,cached
PlantVillage,tomato_leaf_mould,https://raw.githubusercontent.com/spMohanty/PlantVillage-Dataset/master/raw/color/Tomato___Leaf_Mold/f42103cc-e7e6-4b18-97cb-e78b1bf0395f___Crnl_L.Mold%206819.JPG,train,image_0302,/content/selected_images/PlantVillage/train/tomato_leaf_mould/image_0302.jpg,cached
PlantVillage,pepper_healthy,https://raw.githubusercontent.com/spMohanty/PlantVillage-Dataset/master/raw/color/Pepper%2C_bell___healthy/e18c0617-2154-4a2c-a1e6-f649fdb4db59___JR_HL%207755.JPG,train,image_0303,/content/selected_images/PlantVillage/train/pepper_healthy/image_0303.jpg,cached
PlantDoc,tomato_late_blight,https://raw.githubusercontent.com/pratikkayal/PlantDoc-Dataset/master/train/Tomato%20leaf%20late%20blight/late-blight-phytophthora-infestans-damage-to-tomato-leaves-and-fruit-cmnxnf.jpg,train,image_0304,/content/selected_images/PlantDoc/train/tomato_late_blight/image_0304.jpg,cached
PlantDoc,pepper_healthy,https://raw.githubusercontent.com/pratikkayal/PlantDoc-Dataset/master/train/Bell_pepper%20leaf/seeding-peppers-a-1024x768.jpg,train,image_0305,/content/selected_images/PlantDoc/train/pepper_healthy/image_0305.jpg,cached
PlantVillage,tomato_late_blight,https://raw.githubusercontent.com/spMohanty/PlantVillage-Dataset/master/raw/color/Tomato___Late_blight/d6e1f9c1-f0f2-4370-8eb5-aba74edd815a___RS_Late.B%205209.JPG,test,image_0306,/content/selected_images/PlantVillage/test/tomato_late_blight/image_0306.jpg,cached
PlantDoc,tomato_healthy,https://raw.githubusercontent.com/pratikkayal/PlantDoc-Dataset/master/train/Tomato%20leaf/2015-09-17-01.jpg,train,image_0307,/content/selected_images/PlantDoc/train/tomato_healthy/image_0307.jpg,cached
PlantVillage,tomato_septoria_leaf_spot,https://raw.githubusercontent.com/spMohanty/PlantVillage-Dataset/master/raw/color/Tomato___Septoria_leaf_spot/6d8ec33d-fbf6-433d-acd9-feaa72ab839a___Matt.S_CG%207609.JPG,test,image_0308,/content/selected_images/PlantVillage/test/tomato_septoria_leaf_spot/image_0308.jpg,cached
PlantVillage,tomato_septoria_leaf_spot,https://raw.githubusercontent.com/spMohanty/PlantVillage-Dataset/master/raw/color/Tomato___Septoria_leaf_spot/b9e8cc21-e046-44a4-a393-a6c2190cc022___JR_Sept.L.S%202511.JPG,train,image_0309,/content/selected_images/PlantVillage/train/tomato_septoria_leaf_spot/image_0309.jpg,cached
PlantVillage,tomato_healthy,https://raw.githubusercontent.com/spMohanty/PlantVillage-Dataset/master/raw/color/Tomato___healthy/d15336df-9f16-4f8b-805f-d74f27af2735___RS_HL%209723.JPG,train,image_0310,/content/selected_images/PlantVillage/train/tomato_healthy/image_0310.jpg,cached
PlantVillage,tomato_healthy,https://raw.githubusercontent.com/spMohanty/PlantVillage-Dataset/master/raw/color/Tomato___healthy/7f80c0af-c88f-40ec-be87-14d7595248d8___RS_HL%209721.JPG,train,image_0311,/content/selected_images/PlantVillage/train/tomato_healthy/image_0311.jpg,cached
PlantDoc,tomato_early_blight,https://raw.githubusercontent.com/pratikkayal/PlantDoc-Dataset/master/train/Tomato%20Early%20blight%20leaf/Diseased-Tomato-Plant.jpg,train,image_0312,/content/selected_images/PlantDoc/train/tomato_early_blight/image_0312.jpg,cached
PlantDoc,tomato_late_blight,https://raw.githubusercontent.com/pratikkayal/PlantDoc-Dataset/master/train/Tomato%20leaf%20late%20blight/F%25294.jpg,train,image_0313,/content/selected_images/PlantDoc/train/tomato_late_blight/image_0313.jpg,cached
PlantDoc,tomato_leaf_mould,https://raw.githubusercontent.com/pratikkayal/PlantDoc-Dataset/master/train/Tomato%20mold%20leaf/Leaf%2Bmold%2Btomato%2B%2525282%252529.JPG.jpg,train,image_0314,/content/selected_images/PlantDoc/train/tomato_leaf_mould/image_0314.jpg,cached
PlantVillage,pepper_leaf_spot,https://raw.githubusercontent.com/spMohanty/PlantVillage-Dataset/master/raw/color/Pepper%2C_bell___Bacterial_spot/88567f21-a54a-44bb-a572-e3b1c14c3832___JR_B.Spot%203156.JPG,train,image_0315,/content/selected_images/PlantVillage/train/pepper_leaf_spot/image_0315.jpg,cached
PlantDoc,tomato_septoria_leaf_spot,https://raw.githubusercontent.com/pratikkayal/PlantDoc-Dataset/master/train/Tomato%20Septoria%20leaf%20spot/septoria_tom_seedlings5x1200.jpg,train,image_0316,/content/selected_images/PlantDoc/train/tomato_septoria_leaf_spot/image_0316.jpg,cached
PlantVillage,tomato_bacterial_spot,https://raw.githubusercontent.com/spMohanty/PlantVillage-Dataset/master/raw/color/Tomato___Bacterial_spot/f6bb2bc6-ce10-4b4c-a02d-5540bb42fae6___GCREC_Bact.Sp%203439.JPG,train,image_0317,/content/selected_images/PlantVillage/train/tomato_bacterial_spot/image_0317.jpg,cached
PlantVillage,tomato_early_blight,https://raw.githubusercontent.com/spMohanty/PlantVillage-Dataset/master/raw/color/Tomato___Early_blight/2b7c8b0d-d906-4c93-9dc4-554ae46a3ec3___RS_Erly.B%207825.JPG,train,image_0318,/content/selected_images/PlantVillage/train/tomato_early_blight/image_0318.jpg,cached
PlantDoc,tomato_leaf_mould,https://raw.githubusercontent.com/pratikkayal/PlantDoc-Dataset/master/train/Tomato%20mold%20leaf/tomato-gray-leaf-spot.jpg,train,image_0319,/content/selected_images/PlantDoc/train/tomato_leaf_mould/image_0319.jpg,cached
PlantVillage,pepper_leaf_spot,https://raw.githubusercontent.com/spMohanty/PlantVillage-Dataset/master/raw/color/Pepper%2C_bell___Bacterial_spot/e1a8a7b1-5e9a-4da0-a894-9d83821b0d01___NREC_B.Spot%209170.JPG,train,image_0320,/content/selected_images/PlantVillage/train/pepper_leaf_spot/image_0320.jpg,cached
PlantVillage,tomato_early_blight,https://raw.githubusercontent.com/spMohanty/PlantVillage-Dataset/master/raw/color/Tomato___Early_blight/18a21f42-8794-4665-8174-b0ccd3758af8___RS_Erly.B%207650.JPG,train,image_0321,/content/selected_images/PlantVillage/train/tomato_early_blight/image_0321.jpg,cached
PlantVillage,tomato_healthy,https://raw.githubusercontent.com/spMohanty/PlantVillage-Dataset/master/raw/color/Tomato___healthy/4ed0a372-fe3d-49a6-82a1-2e904e6c66e3___GH_HL%20Leaf%20200.JPG,train,image_0322,/content/selected_images/PlantVillage/train/tomato_healthy/image_0322.jpg,cached
PlantVillage,tomato_late_blight,https://raw.githubusercontent.com/spMohanty/PlantVillage-Dataset/master/raw/color/Tomato___Late_blight/eb5d32dd-f958-422e-acae-d68ec83e0408___RS_Late.B%206455.JPG,train,image_0323,/content/selected_images/PlantVillage/train/tomato_late_blight/image_0323.jpg,cached
PlantVillage,tomato_leaf_mould,https://raw.githubusercontent.com/spMohanty/PlantVillage-Dataset/master/raw/color/Tomato___Leaf_Mold/876b7bac-c03b-468e-a7c8-67a3c2ba2526___Crnl_L.Mold%206646.JPG,train,image_0324,/content/selected_images/PlantVillage/train/tomato_leaf_mould/image_0324.jpg,cached
PlantVillage,tomato_healthy,https://raw.githubusercontent.com/spMohanty/PlantVillage-Dataset/master/raw/color/Tomato___healthy/a5de43e7-fc2f-4a14-a8e6-c0f2f94c84f1___GH_HL%20Leaf%20434.JPG,test,image_0325,/content/selected_images/PlantVillage/test/tomato_healthy/image_0325.jpg,cached
PlantDoc,tomato_early_blight,https://raw.githubusercontent.com/pratikkayal/PlantDoc-Dataset/master/train/Tomato%20Early%20blight%20leaf/early-blight-2x.jpg,train,image_0326,/content/selected_images/PlantDoc/train/tomato_early_blight/image_0326.jpg,cached
PlantVillage,tomato_healthy,https://raw.githubusercontent.com/spMohanty/PlantVillage-Dataset/master/raw/color/Tomato___healthy/5300bf32-485d-4978-9099-3175fb666da8___GH_HL%20Leaf%20475.JPG,train,image_0327,/content/selected_images/PlantVillage/train/tomato_healthy/image_0327.jpg,cached
PlantVillage,tomato_healthy,https://raw.githubusercontent.com/spMohanty/PlantVillage-Dataset/master/raw/color/Tomato___healthy/050e7bff-2f2d-4c92-9422-05ce93f1d5a9___RS_HL%200097.JPG,train,image_0328,/content/selected_images/PlantVillage/train/tomato_healthy/image_0328.jpg,cached
PlantVillage,pepper_healthy,https://raw.githubusercontent.com/spMohanty/PlantVillage-Dataset/master/raw/color/Pepper%2C_bell___healthy/a0140b14-8370-4c95-9195-cdb779122dd7___JR_HL%207580.JPG,train,image_0329,/content/selected_images/PlantVillage/train/pepper_healthy/image_0329.jpg,cached
PlantDoc,tomato_leaf_mould,https://raw.githubusercontent.com/pratikkayal/PlantDoc-Dataset/master/train/Tomato%20mold%20leaf/leaf_mold1.jpg,test,image_0330,/content/selected_images/PlantDoc/test/tomato_leaf_mould/image_0330.jpg,cached
PlantVillage,tomato_bacterial_spot,https://raw.githubusercontent.com/spMohanty/PlantVillage-Dataset/master/raw/color/Tomato___Bacterial_spot/0a64655c-4052-4e5f-a696-2a6cf25d10c9___GCREC_Bact.Sp%206017.JPG,train,image_0331,/content/selected_images/PlantVillage/train/tomato_bacterial_spot/image_0331.jpg,cached
PlantVillage,tomato_late_blight,https://raw.githubusercontent.com/spMohanty/PlantVillage-Dataset/master/raw/color/Tomato___Late_blight/40161a9a-7473-4496-9267-99a451276868___RS_Late.B%205021.JPG,train,image_0332,/content/selected_images/PlantVillage/train/tomato_late_blight/image_0332.jpg,cached
PlantDoc,tomato_bacterial_spot,https://raw.githubusercontent.com/pratikkayal/PlantDoc-Dataset/master/train/Tomato%20leaf%20bacterial%20spot/tomato_bacterial-speck_03_zoom.jpg,test,image_0333,/content/selected_images/PlantDoc/test/tomato_bacterial_spot/image_0333.jpg,cached
PlantVillage,tomato_healthy,https://raw.githubusercontent.com/spMohanty/PlantVillage-Dataset/master/raw/color/Tomato___healthy/f4eb7211-c823-4d1c-bb69-a74a123a2d05___RS_HL%200112.JPG,train,image_0334,/content/selected_images/PlantVillage/train/tomato_healthy/image_0334.jpg,cached
PlantDoc,tomato_leaf_mould,https://raw.githubusercontent.com/pratikkayal/PlantDoc-Dataset/master/train/Tomato%20mold%20leaf/IMG_1261.jpg,train,image_0335,/content/selected_images/PlantDoc/train/tomato_leaf_mould/image_0335.jpg,cached
PlantVillage,tomato_healthy,https://raw.githubusercontent.com/spMohanty/PlantVillage-Dataset/master/raw/color/Tomato___healthy/80e6c399-040d-426f-94d9-8fb720b3836d___RS_HL%200333.JPG,test,image_0336,/content/selected_images/PlantVillage/test/tomato_healthy/image_0336.jpg,cached
PlantVillage,tomato_healthy,https://raw.githubusercontent.com/spMohanty/PlantVillage-Dataset/master/raw/color/Tomato___healthy/6ca96968-d8cd-4849-a0d5-0784e585d768___RS_HL%200302.JPG,train,image_0337,/content/selected_images/PlantVillage/train/tomato_healthy/image_0337.jpg,cached
PlantVillage,pepper_healthy,https://raw.githubusercontent.com/spMohanty/PlantVillage-Dataset/master/raw/color/Pepper%2C_bell___healthy/34e28d62-4a58-4090-8454-e060a48c195c___JR_HL%208082.JPG,test,image_0338,/content/selected_images/PlantVillage/test/pepper_healthy/image_0338.jpg,cached
PlantDoc,tomato_septoria_leaf_spot,https://raw.githubusercontent.com/pratikkayal/PlantDoc-Dataset/master/test/Tomato%20Septoria%20leaf%20spot/55830b60a7cf2.image.jpg,train,image_0339,/content/selected_images/PlantDoc/train/tomato_septoria_leaf_spot/image_0339.jpg,cached
PlantVillage,tomato_septoria_leaf_spot,https://raw.githubusercontent.com/spMohanty/PlantVillage-Dataset/master/raw/color/Tomato___Septoria_leaf_spot/40373753-a07a-4ccf-b844-3324278d2b54___Keller.St_CG%201903.JPG,train,image_0340,/content/selected_images/PlantVillage/train/tomato_septoria_leaf_spot/image_0340.jpg,cached
PlantVillage,pepper_leaf_spot,https://raw.githubusercontent.com/spMohanty/PlantVillage-Dataset/master/raw/color/Pepper%2C_bell___Bacterial_spot/73ef1d83-6ac0-4955-938a-fca94432814b___JR_B.Spot%203148.JPG,train,image_0341,/content/selected_images/PlantVillage/train/pepper_leaf_spot/image_0341.jpg,cached
PlantDoc,tomato_healthy,https://raw.githubusercontent.com/pratikkayal/PlantDoc-Dataset/master/train/Tomato%20leaf/IMG_3011.jpg,test,image_0342,/content/selected_images/PlantDoc/test/tomato_healthy/image_0342.jpg,cached
PlantDoc,tomato_healthy,https://raw.githubusercontent.com/pratikkayal/PlantDoc-Dataset/master/train/Tomato%20leaf/Bacterial-leaf-spot-transplants1.jpg,train,image_0343,/content/selected_images/PlantDoc/train/tomato_healthy/image_0343.jpg,cached
PlantVillage,tomato_bacterial_spot,https://raw.githubusercontent.com/spMohanty/PlantVillage-Dataset/master/raw/color/Tomato___Bacterial_spot/4552e196-00f9-4de7-9a47-605de7a9ecd0___UF.GRC_BS_Lab%20Leaf%209296.JPG,train,image_0344,/content/selected_images/PlantVillage/train/tomato_bacterial_spot/image_0344.jpg,cached
PlantVillage,tomato_healthy,https://raw.githubusercontent.com/spMohanty/PlantVillage-Dataset/master/raw/color/Tomato___healthy/9ee73ce8-ea9e-4a76-8b41-39500bdf3514___RS_HL%200110.JPG,test,image_0345,/content/selected_images/PlantVillage/test/tomato_healthy/image_0345.jpg,cached
PlantDoc,tomato_early_blight,https://raw.githubusercontent.com/pratikkayal/PlantDoc-Dataset/master/train/Tomato%20Early%20blight%20leaf/tomatoearlyblight.jpg,train,image_0346,/content/selected_images/PlantDoc/train/tomato_early_blight/image_0346.jpg,cached
PlantVillage,tomato_bacterial_spot,https://raw.githubusercontent.com/spMohanty/PlantVillage-Dataset/master/raw/color/Tomato___Bacterial_spot/7b5a767a-b17f-42a6-a809-233e5b857ff4___GCREC_Bact.Sp%205819.JPG,train,image_0347,/content/selected_images/PlantVillage/train/tomato_bacterial_spot/image_0347.jpg,cached
PlantVillage,tomato_bacterial_spot,https://raw.githubusercontent.com/spMohanty/PlantVillage-Dataset/master/raw/color/Tomato___Bacterial_spot/74c440d9-d186-41f2-a9c3-9db567a69be9___UF.GRC_BS_Lab%20Leaf%200325.JPG,test,image_0348,/content/selected_images/PlantVillage/test/tomato_bacterial_spot/image_0348.jpg,cached
PlantVillage,tomato_septoria_leaf_spot,https://raw.githubusercontent.com/spMohanty/PlantVillage-Dataset/master/raw/color/Tomato___Septoria_leaf_spot/426b2853-faed-40cc-8154-d721fd00fdf2___Matt.S_CG%202770.JPG,test,image_0349,/content/selected_images/PlantVillage/test/tomato_septoria_leaf_spot/image_0349.jpg,cached
PlantDoc,tomato_late_blight,https://raw.githubusercontent.com/pratikkayal/PlantDoc-Dataset/master/train/Tomato%20leaf%20late%20blight/tomato-late-blight-conn-2015-139rcs.jpg,train,image_0350,/content/selected_images/PlantDoc/train/tomato_late_blight/image_0350.jpg,cached
PlantVillage,tomato_healthy,https://raw.githubusercontent.com/spMohanty/PlantVillage-Dataset/master/raw/color/Tomato___healthy/f2acd891-c219-4c76-b2e7-a55c7c92e018___RS_HL%209898.JPG,train,image_0351,/content/selected_images/PlantVillage/train/tomato_healthy/image_0351.jpg,cached
PlantDoc,tomato_septoria_leaf_spot,https://raw.githubusercontent.com/pratikkayal/PlantDoc-Dataset/master/train/Tomato%20Septoria%20leaf%20spot/128110613-56a6d3633df78cf7729070ad.jpg,train,image_0352,/content/selected_images/PlantDoc/train/tomato_septoria_leaf_spot/image_0352.jpg,cached
PlantVillage,tomato_leaf_mould,https://raw.githubusercontent.com/spMohanty/PlantVillage-Dataset/master/raw/color/Tomato___Leaf_Mold/4152fc15-f9d5-4928-b177-b993db007110___Crnl_L.Mold%208876.JPG,train,image_0353,/content/selected_images/PlantVillage/train/tomato_leaf_mould/image_0353.jpg,cached
PlantVillage,tomato_bacterial_spot,https://raw.githubusercontent.com/spMohanty/PlantVillage-Dataset/master/raw/color/Tomato___Bacterial_spot/970f1e35-eca5-4011-9d93-be6566f27389___GCREC_Bact.Sp%203525.JPG,test,image_0354,/content/selected_images/PlantVillage/test/tomato_bacterial_spot/image_0354.jpg,cached
PlantVillage,pepper_healthy,https://raw.githubusercontent.com/spMohanty/PlantVillage-Dataset/master/raw/color/Pepper%2C_bell___healthy/238821ef-0422-4edf-a574-d3df77b42ac5___JR_HL%205835.JPG,train,image_0355,/content/selected_images/PlantVillage/train/pepper_healthy/image_0355.jpg,cached
PlantDoc,pepper_leaf_spot,https://raw.githubusercontent.com/pratikkayal/PlantDoc-Dataset/master/train/Bell_pepper%20leaf%20spot/pepper_V5a.jpg,train,image_0356,/content/selected_images/PlantDoc/train/pepper_leaf_spot/image_0356.jpg,cached
PlantVillage,pepper_leaf_spot,https://raw.githubusercontent.com/spMohanty/PlantVillage-Dataset/master/raw/color/Pepper%2C_bell___Bacterial_spot/3a041cb2-cd43-4fcf-8f84-f559d40f1bd8___JR_B.Spot%209101.JPG,train,image_0357,/content/selected_images/PlantVillage/train/pepper_leaf_spot/image_0357.jpg,cached
PlantDoc,tomato_early_blight,https://raw.githubusercontent.com/pratikkayal/PlantDoc-Dataset/master/train/Tomato%20Early%20blight%20leaf/3606630.jpg,train,image_0358,/content/selected_images/PlantDoc/train/tomato_early_blight/image_0358.jpg,cached
PlantVillage,pepper_healthy,https://raw.githubusercontent.com/spMohanty/PlantVillage-Dataset/master/raw/color/Pepper%2C_bell___healthy/85bf3b78-72e9-4e2a-8f7c-b330b36170ab___JR_HL%205981.JPG,test,image_0359,/content/selected_images/PlantVillage/test/pepper_healthy/image_0359.jpg,cached
PlantVillage,tomato_leaf_mould,https://raw.githubusercontent.com/spMohanty/PlantVillage-Dataset/master/raw/color/Tomato___Leaf_Mold/ffb2d848-e46c-485c-a633-8d6137dd3dbf___Crnl_L.Mold%208735.JPG,train,image_0360,/content/selected_images/PlantVillage/train/tomato_leaf_mould/image_0360.jpg,cached
PlantDoc,pepper_healthy,https://raw.githubusercontent.com/pratikkayal/PlantDoc-Dataset/master/train/Bell_pepper%20leaf/white-pepper-plant-white-pepper-plant-piper-black-pepper-white-bell-pepper-plants-for-sale-pepper-plant-has-white-leaves.jpg,train,image_0361,/content/selected_images/PlantDoc/train/pepper_healthy/image_0361.jpg,cached
PlantDoc,pepper_healthy,https://raw.githubusercontent.com/pratikkayal/PlantDoc-Dataset/master/train/Bell_pepper%20leaf/ac9201ad84e0987e6fdd2589258d72fd.jpg,train,image_0362,/content/selected_images/PlantDoc/train/pepper_healthy/image_0362.jpg,cached
PlantVillage,pepper_healthy,https://raw.githubusercontent.com/spMohanty/PlantVillage-Dataset/master/raw/color/Pepper%2C_bell___healthy/e636b023-04af-4ffa-983f-70e2fe7324ff___JR_HL%208027.JPG,train,image_0363,/content/selected_images/PlantVillage/train/pepper_healthy/image_0363.jpg,cached
PlantDoc,tomato_early_blight,https://raw.githubusercontent.com/pratikkayal/PlantDoc-Dataset/master/train/Tomato%20Early%20blight%20leaf/early-tomato-blight.jpg,test,image_0364,/content/selected_images/PlantDoc/test/tomato_early_blight/image_0364.jpg,cached
PlantDoc,tomato_late_blight,https://raw.githubusercontent.com/pratikkayal/PlantDoc-Dataset/master/train/Tomato%20leaf%20late%20blight/FS547-6-big.jpg,test,image_0365,/content/selected_images/PlantDoc/test/tomato_late_blight/image_0365.jpg,cached
PlantDoc,tomato_bacterial_spot,https://raw.githubusercontent.com/pratikkayal/PlantDoc-Dataset/master/train/Tomato%20leaf%20bacterial%20spot/tomato_xanthomonas_foliage.jpg,test,image_0366,/content/selected_images/PlantDoc/test/tomato_bacterial_spot/image_0366.jpg,cached
PlantDoc,tomato_leaf_mould,https://raw.githubusercontent.com/pratikkayal/PlantDoc-Dataset/master/train/Tomato%20mold%20leaf/leaf_mold_tomato6x1200.jpg,train,image_0367,/content/selected_images/PlantDoc/train/tomato_leaf_mould/image_0367.jpg,cached
PlantVillage,tomato_late_blight,https://raw.githubusercontent.com/spMohanty/PlantVillage-Dataset/master/raw/color/Tomato___Late_blight/fb5dc387-cb1d-49bb-b81e-58d60705a2fd___GHLB_PS%20Leaf%201.3%20Day%2016.jpg,train,image_0368,/content/selected_images/PlantVillage/train/tomato_late_blight/image_0368.jpg,cached
PlantVillage,pepper_healthy,https://raw.githubusercontent.com/spMohanty/PlantVillage-Dataset/master/raw/color/Pepper%2C_bell___healthy/1ce80571-2358-4616-b04a-14bbdfd2af6b___JR_HL%208340.JPG,test,image_0369,/content/selected_images/PlantVillage/test/pepper_healthy/image_0369.jpg,cached
PlantDoc,tomato_septoria_leaf_spot,https://raw.githubusercontent.com/pratikkayal/PlantDoc-Dataset/master/train/Tomato%20Septoria%20leaf%20spot/tomato_leaf_spots_1500x1500%25253E.jpg,train,image_0370,/content/selected_images/PlantDoc/train/tomato_septoria_leaf_spot/image_0370.jpg,cached
PlantDoc,tomato_leaf_mould,https://raw.githubusercontent.com/pratikkayal/PlantDoc-Dataset/master/train/Tomato%20mold%20leaf/Tomato%2520greenhouse%2520leaf%2520edema%2520and%2520distortion2F.JPG.jpg,train,image_0371,/content/selected_images/PlantDoc/train/tomato_leaf_mould/image_0371.jpg,cached
PlantDoc,tomato_healthy,https://raw.githubusercontent.com/pratikkayal/PlantDoc-Dataset/master/train/Tomato%20leaf/DSCN1016.JPG.jpg,test,image_0372,/content/selected_images/PlantDoc/test/tomato_healthy/image_0372.jpg,cached
PlantVillage,tomato_early_blight,https://raw.githubusercontent.com/spMohanty/PlantVillage-Dataset/master/raw/color/Tomato___Early_blight/53c47cc3-e958-4e9a-811a-e19e99ef0a8c___RS_Erly.B%206373.JPG,train,image_0373,/content/selected_images/PlantVillage/train/tomato_early_blight/image_0373.jpg,cached
PlantDoc,pepper_healthy,https://raw.githubusercontent.com/pratikkayal/PlantDoc-Dataset/master/train/Bell_pepper%20leaf/yellow-leaves-on-pepper-plant-green-bell-plant-yellow-leaf-yellow-curling-leaves-on-pepper-plants.jpg,test,image_0374,/content/selected_images/PlantDoc/test/pepper_healthy/image_0374.jpg,cached
PlantDoc,tomato_healthy,https://raw.githubusercontent.com/pratikkayal/PlantDoc-Dataset/master/train/Tomato%20leaf/Tomato%252Bleaf.jpg,train,image_0375,/content/selected_images/PlantDoc/train/tomato_healthy/image_0375.jpg,cached
PlantVillage,tomato_septoria_leaf_spot,https://raw.githubusercontent.com/spMohanty/PlantVillage-Dataset/master/raw/color/Tomato___Septoria_leaf_spot/73fea91d-3582-461b-8aec-236c78f6b1cd___Matt.S_CG%200799.JPG,train,image_0376,/content/selected_images/PlantVillage/train/tomato_septoria_leaf_spot/image_0376.jpg,cached
PlantVillage,tomato_leaf_mould,https://raw.githubusercontent.com/spMohanty/PlantVillage-Dataset/master/raw/color/Tomato___Leaf_Mold/e4e09a80-ae3a-42e8-ae98-e892b0507098___Crnl_L.Mold%206636.JPG,train,image_0377,/content/selected_images/PlantVillage/train/tomato_leaf_mould/image_0377.jpg,cached
PlantVillage,pepper_healthy,https://raw.githubusercontent.com/spMohanty/PlantVillage-Dataset/master/raw/color/Pepper%2C_bell___healthy/b441b774-75eb-41ca-b03c-5f9672747a1e___JR_HL%208792.JPG,train,image_0378,/content/selected_images/PlantVillage/train/pepper_healthy/image_0378.jpg,cached
PlantDoc,tomato_bacterial_spot,https://raw.githubusercontent.com/pratikkayal/PlantDoc-Dataset/master/train/Tomato%20leaf%20bacterial%20spot/bacterial-speck-tomato1x2400-275mmny.jpg,train,image_0379,/content/selected_images/PlantDoc/train/tomato_bacterial_spot/image_0379.jpg,cached
PlantDoc,pepper_leaf_spot,https://raw.githubusercontent.com/pratikkayal/PlantDoc-Dataset/master/train/Bell_pepper%20leaf%20spot/image_original.jpeg%3F1472603885.jpg,train,image_0380,/content/selected_images/PlantDoc/train/pepper_leaf_spot/image_0380.jpg,cached
PlantVillage,tomato_septoria_leaf_spot,https://raw.githubusercontent.com/spMohanty/PlantVillage-Dataset/master/raw/color/Tomato___Septoria_leaf_spot/2c032ba1-d4fa-4a66-be5e-9e43a28ffbb9___JR_Sept.L.S%202701.JPG,train,image_0381,/content/selected_images/PlantVillage/train/tomato_septoria_leaf_spot/image_0381.jpg,cached
PlantVillage,tomato_leaf_mould,https://raw.githubusercontent.com/spMohanty/PlantVillage-Dataset/master/raw/color/Tomato___Leaf_Mold/9622ac01-44eb-46b1-99cf-811d655ad6a8___Crnl_L.Mold%208801.JPG,train,image_0382,/content/selected_images/PlantVillage/train/tomato_leaf_mould/image_0382.jpg,cached
PlantVillage,pepper_leaf_spot,https://raw.githubusercontent.com/spMohanty/PlantVillage-Dataset/master/raw/color/Pepper%2C_bell___Bacterial_spot/b6d35d21-4812-4e32-ab9a-b6ddda8cbb79___JR_B.Spot%208972.JPG,train,image_0383,/content/selected_images/PlantVillage/train/pepper_leaf_spot/image_0383.jpg,cached
PlantVillage,pepper_leaf_spot,https://raw.githubusercontent.com/spMohanty/PlantVillage-Dataset/master/raw/color/Pepper%2C_bell___Bacterial_spot/0d2635e7-df23-4ceb-b3ba-3af50bb58357___NREC_B.Spot%201874.JPG,train,image_0384,/content/selected_images/PlantVillage/train/pepper_leaf_spot/image_0384.jpg,cached
PlantVillage,tomato_leaf_mould,https://raw.githubusercontent.com/spMohanty/PlantVillage-Dataset/master/raw/color/Tomato___Leaf_Mold/29e4f2d6-7cbe-4f7e-84cd-a1f57957a35e___Crnl_L.Mold%206569.JPG,train,image_0385,/content/selected_images/PlantVillage/train/tomato_leaf_mould/image_0385.jpg,cached
PlantVillage,tomato_early_blight,https://raw.githubusercontent.com/spMohanty/PlantVillage-Dataset/master/raw/color/Tomato___Early_blight/240300f1-a601-4363-84e8-670af8a124a1___RS_Erly.B%207762.JPG,train,image_0386,/content/selected_images/PlantVillage/train/tomato_early_blight/image_0386.jpg,cached
PlantVillage,tomato_early_blight,https://raw.githubusercontent.com/spMohanty/PlantVillage-Dataset/master/raw/color/Tomato___Early_blight/0e03c87e-b43f-4cfe-a837-71306c68f4c0___RS_Erly.B%207733.JPG,test,image_0387,/content/selected_images/PlantVillage/test/tomato_early_blight/image_0387.jpg,cached
PlantVillage,tomato_leaf_mould,https://raw.githubusercontent.com/spMohanty/PlantVillage-Dataset/master/raw/color/Tomato___Leaf_Mold/0bae0514-799a-479f-a407-ad763f458916___Crnl_L.Mold%208989.JPG,train,image_0388,/content/selected_images/PlantVillage/train/tomato_leaf_mould/image_0388.jpg,cached
PlantVillage,tomato_late_blight,https://raw.githubusercontent.com/spMohanty/PlantVillage-Dataset/master/raw/color/Tomato___Late_blight/1def69ef-c2f3-4052-8f02-b397428c7580___GHLB2%20Leaf%208627.JPG,train,image_0389,/content/selected_images/PlantVillage/train/tomato_late_blight/image_0389.jpg,cached
PlantDoc,tomato_septoria_leaf_spot,https://raw.githubusercontent.com/pratikkayal/PlantDoc-Dataset/master/train/Tomato%20Septoria%20leaf%20spot/septoria-leaf-spot-treatment-leaf-spot-septoria-leaf-spot-soil-treatment-septoria-leaf-spot-tomato-organic-treatment.jpg,test,image_0390,/content/selected_images/PlantDoc/test/tomato_septoria_leaf_spot/image_0390.jpg,cached
PlantVillage,tomato_early_blight,https://raw.githubusercontent.com/spMohanty/PlantVillage-Dataset/master/raw/color/Tomato___Early_blight/e56354a5-5e3f-4ed6-bfe5-3c783a32dc98___RS_Erly.B%209413.JPG,train,image_0391,/content/selected_images/PlantVillage/train/tomato_early_blight/image_0391.jpg,cached
PlantVillage,pepper_healthy,https://raw.githubusercontent.com/spMohanty/PlantVillage-Dataset/master/raw/color/Pepper%2C_bell___healthy/98f8fdef-3368-4261-a974-8bdb5103ff51___JR_HL%208065.JPG,train,image_0392,/content/selected_images/PlantVillage/train/pepper_healthy/image_0392.jpg,cached
PlantVillage,tomato_bacterial_spot,https://raw.githubusercontent.com/spMohanty/PlantVillage-Dataset/master/raw/color/Tomato___Bacterial_spot/5c04a777-eb5c-4864-9c18-bc39d0c4dd2a___GCREC_Bact.Sp%205969.JPG,train,image_0393,/content/selected_images/PlantVillage/train/tomato_bacterial_spot/image_0393.jpg,cached
PlantVillage,tomato_leaf_mould,https://raw.githubusercontent.com/spMohanty/PlantVillage-Dataset/master/raw/color/Tomato___Leaf_Mold/605aacc9-f599-4bef-a53c-01e56dde4892___Crnl_L.Mold%208679.JPG,train,image_0394,/content/selected_images/PlantVillage/train/tomato_leaf_mould/image_0394.jpg,cached
PlantVillage,tomato_septoria_leaf_spot,https://raw.githubusercontent.com/spMohanty/PlantVillage-Dataset/master/raw/color/Tomato___Septoria_leaf_spot/57628952-daac-46fc-950e-f57e3b418703___Matt.S_CG%207653.JPG,train,image_0395,/content/selected_images/PlantVillage/train/tomato_septoria_leaf_spot/image_0395.jpg,cached
PlantDoc,pepper_leaf_spot,https://raw.githubusercontent.com/pratikkayal/PlantDoc-Dataset/master/train/Bell_pepper%20leaf%20spot/pepper_bacterial-spot_04_zoom.jpg,train,image_0396,/content/selected_images/PlantDoc/train/pepper_leaf_spot/image_0396.jpg,cached
PlantVillage,tomato_bacterial_spot,https://raw.githubusercontent.com/spMohanty/PlantVillage-Dataset/master/raw/color/Tomato___Bacterial_spot/0ad66523-0fca-464d-a6e9-ca2d629e8058___GCREC_Bact.Sp%205945.JPG,train,image_0397,/content/selected_images/PlantVillage/train/tomato_bacterial_spot/image_0397.jpg,cached
PlantDoc,pepper_leaf_spot,https://raw.githubusercontent.com/pratikkayal/PlantDoc-Dataset/master/train/Bell_pepper%20leaf%20spot/bacspot_confused_w_pseudomonas.jpg,train,image_0398,/content/selected_images/PlantDoc/train/pepper_leaf_spot/image_0398.jpg,cached
PlantDoc,tomato_bacterial_spot,https://raw.githubusercontent.com/pratikkayal/PlantDoc-Dataset/master/train/Tomato%20leaf%20bacterial%20spot/Bacterial_spots562.jpg,train,image_0399,/content/selected_images/PlantDoc/train/tomato_bacterial_spot/image_0399.jpg,cached
PlantDoc,tomato_septoria_leaf_spot,https://raw.githubusercontent.com/pratikkayal/PlantDoc-Dataset/master/train/Tomato%20Septoria%20leaf%20spot/septoria_tomato.jpg,train,image_0400,/content/selected_images/PlantDoc/train/tomato_septoria_leaf_spot/image_0400.jpg,cached
PlantDoc,pepper_leaf_spot,https://raw.githubusercontent.com/pratikkayal/PlantDoc-Dataset/master/train/Bell_pepper%20leaf%20spot/BacterialSpot17.jpg,train,image_0401,/content/selected_images/PlantDoc/train/pepper_leaf_spot/image_0401.jpg,cached
PlantDoc,pepper_leaf_spot,https://raw.githubusercontent.com/pratikkayal/PlantDoc-Dataset/master/test/Bell_pepper%20leaf%20spot/CMVpepperLeafShock-copy-50QUALITY-1ge8umw.jpg,train,image_0402,/content/selected_images/PlantDoc/train/pepper_leaf_spot/image_0402.jpg,cached
PlantDoc,pepper_leaf_spot,https://raw.githubusercontent.com/pratikkayal/PlantDoc-Dataset/master/test/Bell_pepper%20leaf%20spot/00.jpg,train,image_0403,/content/selected_images/PlantDoc/train/pepper_leaf_spot/image_0403.jpg,cached
PlantVillage,tomato_healthy,https://raw.githubusercontent.com/spMohanty/PlantVillage-Dataset/master/raw/color/Tomato___healthy/8ad09f74-a565-413a-bcf5-21cf58a4db3a___RS_HL%200173.JPG,train,image_0404,/content/selected_images/PlantVillage/train/tomato_healthy/image_0404.jpg,cached
PlantDoc,tomato_bacterial_spot,https://raw.githubusercontent.com/pratikkayal/PlantDoc-Dataset/master/train/Tomato%20leaf%20bacterial%20spot/bacterial-spot-of-tomato-6-638.jpg,train,image_0405,/content/selected_images/PlantDoc/train/tomato_bacterial_spot/image_0405.jpg,cached
PlantDoc,tomato_healthy,https://raw.githubusercontent.com/pratikkayal/PlantDoc-Dataset/master/test/Tomato%20leaf/Tomato59.JPG.jpg,train,image_0406,/content/selected_images/PlantDoc/train/tomato_healthy/image_0406.jpg,cached
PlantDoc,tomato_septoria_leaf_spot,https://raw.githubusercontent.com/pratikkayal/PlantDoc-Dataset/master/train/Tomato%20Septoria%20leaf%20spot/5336411888680960-600x272.jpeg.jpg,train,image_0407,/content/selected_images/PlantDoc/train/tomato_septoria_leaf_spot/image_0407.jpg,cached
PlantDoc,tomato_leaf_mould,https://raw.githubusercontent.com/pratikkayal/PlantDoc-Dataset/master/train/Tomato%20mold%20leaf/DSCN2697.jpg,train,image_0408,/content/selected_images/PlantDoc/train/tomato_leaf_mould/image_0408.jpg,cached
PlantDoc,tomato_septoria_leaf_spot,https://raw.githubusercontent.com/pratikkayal/PlantDoc-Dataset/master/train/Tomato%20Septoria%20leaf%20spot/20809116-standard.jpg,test,image_0409,/content/selected_images/PlantDoc/test/tomato_septoria_leaf_spot/image_0409.jpg,cached
PlantVillage,tomato_healthy,https://raw.githubusercontent.com/spMohanty/PlantVillage-Dataset/master/raw/color/Tomato___healthy/b65ccffe-a2fc-44d1-b56f-c8e97db5232e___RS_HL%200120.JPG,train,image_0410,/content/selected_images/PlantVillage/train/tomato_healthy/image_0410.jpg,cached
PlantVillage,tomato_early_blight,https://raw.githubusercontent.com/spMohanty/PlantVillage-Dataset/master/raw/color/Tomato___Early_blight/ab26012b-d88e-4b69-b985-1cba46315762___RS_Erly.B%209468.JPG,test,image_0411,/content/selected_images/PlantVillage/test/tomato_early_blight/image_0411.jpg,cached
PlantDoc,tomato_early_blight,https://raw.githubusercontent.com/pratikkayal/PlantDoc-Dataset/master/train/Tomato%20Early%20blight%20leaf/early-blight1.jpg,train,image_0412,/content/selected_images/PlantDoc/train/tomato_early_blight/image_0412.jpg,cached
PlantDoc,tomato_leaf_mould,https://raw.githubusercontent.com/pratikkayal/PlantDoc-Dataset/master/train/Tomato%20mold%20leaf/tomato_Leaf-roll-physiological-7059-SLoewen_thm.jpg,test,image_0413,/content/selected_images/PlantDoc/test/tomato_leaf_mould/image_0413.jpg,cached
PlantVillage,tomato_leaf_mould,https://raw.githubusercontent.com/spMohanty/PlantVillage-Dataset/master/raw/color/Tomato___Leaf_Mold/50a47a28-bbe5-43fb-a2b9-f13c3805de0c___Crnl_L.Mold%206572.JPG,train,image_0414,/content/selected_images/PlantVillage/train/tomato_leaf_mould/image_0414.jpg,cached
PlantVillage,tomato_leaf_mould,https://raw.githubusercontent.com/spMohanty/PlantVillage-Dataset/master/raw/color/Tomato___Leaf_Mold/039183dc-a260-49fa-b28a-0c8f11614896___Crnl_L.Mold%206720.JPG,train,image_0415,/content/selected_images/PlantVillage/train/tomato_leaf_mould/image_0415.jpg,cached
PlantVillage,pepper_leaf_spot,https://raw.githubusercontent.com/spMohanty/PlantVillage-Dataset/master/raw/color/Pepper%2C_bell___Bacterial_spot/a47d3b9e-eda3-4de2-b8a9-f5505e28d309___JR_B.Spot%203118.JPG,train,image_0416,/content/selected_images/PlantVillage/train/pepper_leaf_spot/image_0416.jpg,cached
PlantVillage,pepper_leaf_spot,https://raw.githubusercontent.com/spMohanty/PlantVillage-Dataset/master/raw/color/Pepper%2C_bell___Bacterial_spot/6565f5ba-8e68-4d1a-b267-b12bfd73f3ef___JR_B.Spot%203252.JPG,train,image_0417,/content/selected_images/PlantVillage/train/pepper_leaf_spot/image_0417.jpg,cached
PlantDoc,pepper_leaf_spot,https://raw.githubusercontent.com/pratikkayal/PlantDoc-Dataset/master/train/Bell_pepper%20leaf%20spot/BacterialSpot09.jpg,train,image_0418,/content/selected_images/PlantDoc/train/pepper_leaf_spot/image_0418.jpg,cached
PlantDoc,pepper_healthy,https://raw.githubusercontent.com/pratikkayal/PlantDoc-Dataset/master/train/Bell_pepper%20leaf/dscf1776.jpg,train,image_0419,/content/selected_images/PlantDoc/train/pepper_healthy/image_0419.jpg,cached
PlantVillage,tomato_leaf_mould,https://raw.githubusercontent.com/spMohanty/PlantVillage-Dataset/master/raw/color/Tomato___Leaf_Mold/158d72b9-7f14-4466-9b20-13909636294f___Crnl_L.Mold%208829.JPG,train,image_0420,/content/selected_images/PlantVillage/train/tomato_leaf_mould/image_0420.jpg,cached
PlantVillage,pepper_leaf_spot,https://raw.githubusercontent.com/spMohanty/PlantVillage-Dataset/master/raw/color/Pepper%2C_bell___Bacterial_spot/da357d28-8de5-4d71-9c44-3a5ea8dbb476___NREC_B.Spot%201910.JPG,train,image_0421,/content/selected_images/PlantVillage/train/pepper_leaf_spot/image_0421.jpg,cached
PlantVillage,pepper_leaf_spot,https://raw.githubusercontent.com/spMohanty/PlantVillage-Dataset/master/raw/color/Pepper%2C_bell___Bacterial_spot/42b527a8-b3a7-47ae-981b-91727cd2f7e5___JR_B.Spot%203306.JPG,train,image_0422,/content/selected_images/PlantVillage/train/pepper_leaf_spot/image_0422.jpg,cached
PlantVillage,tomato_leaf_mould,https://raw.githubusercontent.com/spMohanty/PlantVillage-Dataset/master/raw/color/Tomato___Leaf_Mold/b825544a-33a3-4bf7-8568-506acca8eaf5___Crnl_L.Mold%208826.JPG,test,image_0423,/content/selected_images/PlantVillage/test/tomato_leaf_mould/image_0423.jpg,cached
PlantVillage,tomato_septoria_leaf_spot,https://raw.githubusercontent.com/spMohanty/PlantVillage-Dataset/master/raw/color/Tomato___Septoria_leaf_spot/594d97d4-7ac1-41d5-8dd1-dac80c389004___Matt.S_CG%202452.JPG,train,image_0424,/content/selected_images/PlantVillage/train/tomato_septoria_leaf_spot/image_0424.jpg,cached
PlantVillage,tomato_leaf_mould,https://raw.githubusercontent.com/spMohanty/PlantVillage-Dataset/master/raw/color/Tomato___Leaf_Mold/db35e8bc-5879-436e-82a1-e1e0e0f9b19c___Crnl_L.Mold%207044.JPG,train,image_0425,/content/selected_images/PlantVillage/train/tomato_leaf_mould/image_0425.jpg,cached
PlantVillage,pepper_leaf_spot,https://raw.githubusercontent.com/spMohanty/PlantVillage-Dataset/master/raw/color/Pepper%2C_bell___Bacterial_spot/3da16030-36bd-4866-826f-70945a9f8b60___JR_B.Spot%208934.JPG,train,image_0426,/content/selected_images/PlantVillage/train/pepper_leaf_spot/image_0426.jpg,cached
PlantDoc,pepper_healthy,https://raw.githubusercontent.com/pratikkayal/PlantDoc-Dataset/master/train/Bell_pepper%20leaf/bell%2520pepper%2520rain%2520590x330.jpg,train,image_0427,/content/selected_images/PlantDoc/train/pepper_healthy/image_0427.jpg,cached
PlantVillage,pepper_leaf_spot,https://raw.githubusercontent.com/spMohanty/PlantVillage-Dataset/master/raw/color/Pepper%2C_bell___Bacterial_spot/2cdea224-6f10-4a3d-a3f1-1debd1a42640___JR_B.Spot%208926.JPG,test,image_0428,/content/selected_images/PlantVillage/test/pepper_leaf_spot/image_0428.jpg,cached
PlantVillage,tomato_late_blight,https://raw.githubusercontent.com/spMohanty/PlantVillage-Dataset/master/raw/color/Tomato___Late_blight/846005e7-d4ad-49e4-bfce-3aefe50b44e0___RS_Late.B%205158.JPG,train,image_0429,/content/selected_images/PlantVillage/train/tomato_late_blight/image_0429.jpg,cached
PlantDoc,tomato_septoria_leaf_spot,https://raw.githubusercontent.com/pratikkayal/PlantDoc-Dataset/master/train/Tomato%20Septoria%20leaf%20spot/img_6564.jpg,train,image_0430,/content/selected_images/PlantDoc/train/tomato_septoria_leaf_spot/image_0430.jpg,cached
PlantDoc,tomato_leaf_mould,https://raw.githubusercontent.com/pratikkayal/PlantDoc-Dataset/master/train/Tomato%20mold%20leaf/BlackLeafMold2.jpg,train,image_0431,/content/selected_images/PlantDoc/train/tomato_leaf_mould/image_0431.jpg,cached
PlantDoc,tomato_leaf_mould,https://raw.githubusercontent.com/pratikkayal/PlantDoc-Dataset/master/train/Tomato%20mold%20leaf/leafmold.jpg,test,image_0432,/content/selected_images/PlantDoc/test/tomato_leaf_mould/image_0432.jpg,cached
PlantDoc,pepper_leaf_spot,https://raw.githubusercontent.com/pratikkayal/PlantDoc-Dataset/master/train/Bell_pepper%20leaf%20spot/534a.jpg,train,image_0433,/content/selected_images/PlantDoc/train/pepper_leaf_spot/image_0433.jpg,cached
PlantDoc,pepper_leaf_spot,https://raw.githubusercontent.com/pratikkayal/PlantDoc-Dataset/master/train/Bell_pepper%20leaf%20spot/IMG_6029-001_1500x1500%25253E.JPG%3F1403119544.jpg,train,image_0434,/content/selected_images/PlantDoc/train/pepper_leaf_spot/image_0434.jpg,cached
PlantDoc,pepper_leaf_spot,https://raw.githubusercontent.com/pratikkayal/PlantDoc-Dataset/master/train/Bell_pepper%20leaf%20spot/FO3zR.jpg,train,image_0435,/content/selected_images/PlantDoc/train/pepper_leaf_spot/image_0435.jpg,cached
PlantVillage,pepper_leaf_spot,https://raw.githubusercontent.com/spMohanty/PlantVillage-Dataset/master/raw/color/Pepper%2C_bell___Bacterial_spot/77d6d18a-0f6c-4417-80c6-42c0c9e7a83d___NREC_B.Spot%209147.JPG,test,image_0436,/content/selected_images/PlantVillage/test/pepper_leaf_spot/image_0436.jpg,cached
PlantVillage,pepper_healthy,https://raw.githubusercontent.com/spMohanty/PlantVillage-Dataset/master/raw/color/Pepper%2C_bell___healthy/d270bd0e-c248-4bbd-8aa8-fd4a13351772___JR_HL%208346.JPG,train,image_0437,/content/selected_images/PlantVillage/train/pepper_healthy/image_0437.jpg,cached
PlantVillage,tomato_leaf_mould,https://raw.githubusercontent.com/spMohanty/PlantVillage-Dataset/master/raw/color/Tomato___Leaf_Mold/f482c835-b8f2-4ebc-88b2-3b6f58b8a696___Crnl_L.Mold%208949.JPG,train,image_0438,/content/selected_images/PlantVillage/train/tomato_leaf_mould/image_0438.jpg,cached
PlantDoc,pepper_leaf_spot,https://raw.githubusercontent.com/pratikkayal/PlantDoc-Dataset/master/train/Bell_pepper%20leaf%20spot/Septoria-leaf-spot.jpg,train,image_0439,/content/selected_images/PlantDoc/train/pepper_leaf_spot/image_0439.jpg,cached
PlantVillage,pepper_healthy,https://raw.githubusercontent.com/spMohanty/PlantVillage-Dataset/master/raw/color/Pepper%2C_bell___healthy/7e0a7a50-371a-40f5-9d0a-4402c4ab6e93___JR_HL%207936.JPG,train,image_0440,/content/selected_images/PlantVillage/train/pepper_healthy/image_0440.jpg,cached
PlantVillage,pepper_healthy,https://raw.githubusercontent.com/spMohanty/PlantVillage-Dataset/master/raw/color/Pepper%2C_bell___healthy/8485a59c-2014-49e9-bed5-7581cb9fcd84___JR_HL%208319.JPG,train,image_0441,/content/selected_images/PlantVillage/train/pepper_healthy/image_0441.jpg,cached
PlantVillage,tomato_late_blight,https://raw.githubusercontent.com/spMohanty/PlantVillage-Dataset/master/raw/color/Tomato___Late_blight/95ced5b1-cefb-4f18-ba79-d7e2cc32c3a3___RS_Late.B%204901.JPG,test,image_0442,/content/selected_images/PlantVillage/test/tomato_late_blight/image_0442.jpg,cached
PlantVillage,tomato_healthy,https://raw.githubusercontent.com/spMohanty/PlantVillage-Dataset/master/raw/color/Tomato___healthy/debe033e-a878-46dc-8336-8bc25811df35___GH_HL%20Leaf%20303.JPG,train,image_0443,/content/selected_images/PlantVillage/train/tomato_healthy/image_0443.jpg,cached
PlantDoc,pepper_healthy,https://raw.githubusercontent.com/pratikkayal/PlantDoc-Dataset/master/train/Bell_pepper%20leaf/green-pepper-leaf-parks-3302644.jpg,train,image_0444,/content/selected_images/PlantDoc/train/pepper_healthy/image_0444.jpg,cached
PlantDoc,tomato_late_blight,https://raw.githubusercontent.com/pratikkayal/PlantDoc-Dataset/master/train/Tomato%20leaf%20late%20blight/LateBlt_FromRusinek.jpg,train,image_0445,/content/selected_images/PlantDoc/train/tomato_late_blight/image_0445.jpg,cached
PlantDoc,pepper_leaf_spot,https://raw.githubusercontent.com/pratikkayal/PlantDoc-Dataset/master/train/Bell_pepper%20leaf%20spot/BacterialSpot10.jpg,train,image_0446,/content/selected_images/PlantDoc/train/pepper_leaf_spot/image_0446.jpg,cached
PlantDoc,tomato_early_blight,https://raw.githubusercontent.com/pratikkayal/PlantDoc-Dataset/master/train/Tomato%20Early%20blight%20leaf/Early_Blight_of_Tomato1687.jpg,train,image_0447,/content/selected_images/PlantDoc/train/tomato_early_blight/image_0447.jpg,cached
PlantVillage,pepper_leaf_spot,https://raw.githubusercontent.com/spMohanty/PlantVillage-Dataset/master/raw/color/Pepper%2C_bell___Bacterial_spot/9184edd2-6056-4da1-aaeb-bc9dc92d5247___NREC_B.Spot%209155.JPG,train,image_0448,/content/selected_images/PlantVillage/train/pepper_leaf_spot/image_0448.jpg,cached
PlantVillage,tomato_septoria_leaf_spot,https://raw.githubusercontent.com/spMohanty/PlantVillage-Dataset/master/raw/color/Tomato___Septoria_leaf_spot/30a9a5c1-95e3-4773-befd-fe75a0268855___Keller.St_CG%202041.JPG,train,image_0449,/content/selected_images/PlantVillage/train/tomato_septoria_leaf_spot/image_0449.jpg,cached
PlantVillage,tomato_healthy,https://raw.githubusercontent.com/spMohanty/PlantVillage-Dataset/master/raw/color/Tomato___healthy/922d8646-efa3-4101-b943-d3568c9760e9___RS_HL%200029.JPG,train,image_0450,/content/selected_images/PlantVillage/train/tomato_healthy/image_0450.jpg,cached
PlantVillage,tomato_septoria_leaf_spot,https://raw.githubusercontent.com/spMohanty/PlantVillage-Dataset/master/raw/color/Tomato___Septoria_leaf_spot/c072e52b-f0fb-4e65-b8f3-7831c271e971___Matt.S_CG%207445.JPG,train,image_0451,/content/selected_images/PlantVillage/train/tomato_septoria_leaf_spot/image_0451.jpg,cached
PlantVillage,tomato_leaf_mould,https://raw.githubusercontent.com/spMohanty/PlantVillage-Dataset/master/raw/color/Tomato___Leaf_Mold/58fa7c1e-418a-45e5-9228-14bdee34fc89___Crnl_L.Mold%206816.JPG,train,image_0452,/content/selected_images/PlantVillage/train/tomato_leaf_mould/image_0452.jpg,cached
PlantDoc,tomato_healthy,https://raw.githubusercontent.com/pratikkayal/PlantDoc-Dataset/master/train/Tomato%20leaf/curling-issues.jpg,train,image_0453,/content/selected_images/PlantDoc/train/tomato_healthy/image_0453.jpg,cached
PlantDoc,tomato_leaf_mould,https://raw.githubusercontent.com/pratikkayal/PlantDoc-Dataset/master/train/Tomato%20mold%20leaf/leaf_mold_nightshade1x500.jpg,train,image_0454,/content/selected_images/PlantDoc/train/tomato_leaf_mould/image_0454.jpg,cached
PlantDoc,tomato_healthy,https://raw.githubusercontent.com/pratikkayal/PlantDoc-Dataset/master/train/Tomato%20leaf/CTG514794.jpg,train,image_0455,/content/selected_images/PlantDoc/train/tomato_healthy/image_0455.jpg,cached
PlantVillage,tomato_healthy,https://raw.githubusercontent.com/spMohanty/PlantVillage-Dataset/master/raw/color/Tomato___healthy/3280ef48-8260-4a34-8e37-e079b74ed160___RS_HL%200392.JPG,train,image_0456,/content/selected_images/PlantVillage/train/tomato_healthy/image_0456.jpg,cached
PlantVillage,tomato_leaf_mould,https://raw.githubusercontent.com/spMohanty/PlantVillage-Dataset/master/raw/color/Tomato___Leaf_Mold/697ae68d-7932-4320-a28e-c8228cd23f50___Crnl_L.Mold%208629.JPG,train,image_0457,/content/selected_images/PlantVillage/train/tomato_leaf_mould/image_0457.jpg,cached
PlantDoc,tomato_late_blight,https://raw.githubusercontent.com/pratikkayal/PlantDoc-Dataset/master/train/Tomato%20leaf%20late%20blight/Late-blight-tomato-leaf-VikramBisht-MBag.jpg,test,image_0458,/content/selected_images/PlantDoc/test/tomato_late_blight/image_0458.jpg,cached
PlantDoc,tomato_early_blight,https://raw.githubusercontent.com/pratikkayal/PlantDoc-Dataset/master/train/Tomato%20Early%20blight%20leaf/early-blight-pp-labeled_orig.jpg,train,image_0459,/content/selected_images/PlantDoc/train/tomato_early_blight/image_0459.jpg,cached
PlantDoc,tomato_early_blight,https://raw.githubusercontent.com/pratikkayal/PlantDoc-Dataset/master/train/Tomato%20Early%20blight%20leaf/early_blight_spots_l.jpg,train,image_0460,/content/selected_images/PlantDoc/train/tomato_early_blight/image_0460.jpg,cached
PlantVillage,tomato_leaf_mould,https://raw.githubusercontent.com/spMohanty/PlantVillage-Dataset/master/raw/color/Tomato___Leaf_Mold/cf08d13a-ab82-4f09-92ab-8f45fe1eb086___Crnl_L.Mold%208671.JPG,test,image_0461,/content/selected_images/PlantVillage/test/tomato_leaf_mould/image_0461.jpg,cached
PlantVillage,tomato_early_blight,https://raw.githubusercontent.com/spMohanty/PlantVillage-Dataset/master/raw/color/Tomato___Early_blight/aea7d3be-648a-4e1b-932a-b0058b085a7a___RS_Erly.B%209517.JPG,test,image_0462,/content/selected_images/PlantVillage/test/tomato_early_blight/image_0462.jpg,cached
PlantDoc,pepper_healthy,https://raw.githubusercontent.com/pratikkayal/PlantDoc-Dataset/master/train/Bell_pepper%20leaf/IMG_3891.JPG%3F1492073147.jpg,train,image_0463,/content/selected_images/PlantDoc/train/pepper_healthy/image_0463.jpg,cached
PlantVillage,tomato_late_blight,https://raw.githubusercontent.com/spMohanty/PlantVillage-Dataset/master/raw/color/Tomato___Late_blight/a0cdaa93-f328-466d-9722-57a29c53e18b___RS_Late.B%207006.JPG,test,image_0464,/content/selected_images/PlantVillage/test/tomato_late_blight/image_0464.jpg,cached
PlantDoc,pepper_leaf_spot,https://raw.githubusercontent.com/pratikkayal/PlantDoc-Dataset/master/train/Bell_pepper%20leaf%20spot/Pepper-BLS-Leaf_93303-e1370119902259.jpg,test,image_0465,/content/selected_images/PlantDoc/test/pepper_leaf_spot/image_0465.jpg,cached
PlantVillage,pepper_healthy,https://raw.githubusercontent.com/spMohanty/PlantVillage-Dataset/master/raw/color/Pepper%2C_bell___healthy/2260546d-20e8-4602-b7cf-a42f21492ae3___JR_HL%207805.JPG,test,image_0466,/content/selected_images/PlantVillage/test/pepper_healthy/image_0466.jpg,cached
PlantVillage,pepper_healthy,https://raw.githubusercontent.com/spMohanty/PlantVillage-Dataset/master/raw/color/Pepper%2C_bell___healthy/65561d5c-c914-4cd0-90c5-e5bf47c8855b___JR_HL%208371.JPG,train,image_0467,/content/selected_images/PlantVillage/train/pepper_healthy/image_0467.jpg,cached
PlantVillage,tomato_septoria_leaf_spot,https://raw.githubusercontent.com/spMohanty/PlantVillage-Dataset/master/raw/color/Tomato___Septoria_leaf_spot/ef2589f7-5993-4457-a981-9bd6fc0d8499___Matt.S_CG%202638.JPG,train,image_0468,/content/selected_images/PlantVillage/train/tomato_septoria_leaf_spot/image_0468.jpg,cached
PlantVillage,tomato_early_blight,https://raw.githubusercontent.com/spMohanty/PlantVillage-Dataset/master/raw/color/Tomato___Early_blight/0ecc2ee7-fb66-41fa-a23b-9bdeaf31078a___RS_Erly.B%206381.JPG,train,image_0469,/content/selected_images/PlantVillage/train/tomato_early_blight/image_0469.jpg,cached
PlantDoc,tomato_late_blight,https://raw.githubusercontent.com/pratikkayal/PlantDoc-Dataset/master/train/Tomato%20leaf%20late%20blight/late_blight_tomato_leaf1x1200.jpg,train,image_0470,/content/selected_images/PlantDoc/train/tomato_late_blight/image_0470.jpg,cached
PlantDoc,tomato_late_blight,https://raw.githubusercontent.com/pratikkayal/PlantDoc-Dataset/master/train/Tomato%20leaf%20late%20blight/lateblightTom_lesion3.jpg,train,image_0471,/content/selected_images/PlantDoc/train/tomato_late_blight/image_0471.jpg,cached
PlantDoc,tomato_bacterial_spot,https://raw.githubusercontent.com/pratikkayal/PlantDoc-Dataset/master/train/Tomato%20leaf%20bacterial%20spot/Bacterial-Spot-of-Tomato-Img-2.jpg,test,image_0472,/content/selected_images/PlantDoc/test/tomato_bacterial_spot/image_0472.jpg,cached
PlantDoc,pepper_healthy,https://raw.githubusercontent.com/pratikkayal/PlantDoc-Dataset/master/train/Bell_pepper%20leaf/leaves11.jpg,train,image_0473,/content/selected_images/PlantDoc/train/pepper_healthy/image_0473.jpg,cached
PlantVillage,tomato_leaf_mould,https://raw.githubusercontent.com/spMohanty/PlantVillage-Dataset/master/raw/color/Tomato___Leaf_Mold/91a2c537-6b7c-463a-b59e-0f8b3ea8865b___Crnl_L.Mold%206526.JPG,train,image_0474,/content/selected_images/PlantVillage/train/tomato_leaf_mould/image_0474.jpg,cached
PlantVillage,tomato_bacterial_spot,https://raw.githubusercontent.com/spMohanty/PlantVillage-Dataset/master/raw/color/Tomato___Bacterial_spot/a8a3dd0c-7729-46bb-87f9-23c2345e955a___GCREC_Bact.Sp%205703.JPG,train,image_0475,/content/selected_images/PlantVillage/train/tomato_bacterial_spot/image_0475.jpg,cached
PlantVillage,tomato_healthy,https://raw.githubusercontent.com/spMohanty/PlantVillage-Dataset/master/raw/color/Tomato___healthy/01700b46-3800-46c6-ab81-09a5f50af525___RS_HL%200108.JPG,test,image_0476,/content/selected_images/PlantVillage/test/tomato_healthy/image_0476.jpg,cached
PlantVillage,tomato_early_blight,https://raw.githubusercontent.com/spMohanty/PlantVillage-Dataset/master/raw/color/Tomato___Early_blight/04747279-48b2-4ce1-932b-e511424beb6b___RS_Erly.B%208240.JPG,test,image_0477,/content/selected_images/PlantVillage/test/tomato_early_blight/image_0477.jpg,cached
PlantDoc,tomato_bacterial_spot,https://raw.githubusercontent.com/pratikkayal/PlantDoc-Dataset/master/train/Tomato%20leaf%20bacterial%20spot/38849847120_7ae02bd6c3_b.jpg,train,image_0478,/content/selected_images/PlantDoc/train/tomato_bacterial_spot/image_0478.jpg,cached
PlantVillage,tomato_late_blight,https://raw.githubusercontent.com/spMohanty/PlantVillage-Dataset/master/raw/color/Tomato___Late_blight/50ee2f48-e5f7-4eda-8bc9-9d501fedbe8f___RS_Late.B%204933.JPG,train,image_0479,/content/selected_images/PlantVillage/train/tomato_late_blight/image_0479.jpg,cached
PlantDoc,tomato_late_blight,https://raw.githubusercontent.com/pratikkayal/PlantDoc-Dataset/master/train/Tomato%20leaf%20late%20blight/late_blight_2013_longisland1x1200.jpg,train,image_0480,/content/selected_images/PlantDoc/train/tomato_late_blight/image_0480.jpg,cached
PlantVillage,pepper_healthy,https://raw.githubusercontent.com/spMohanty/PlantVillage-Dataset/master/raw/color/Pepper%2C_bell___healthy/c2ea8ee9-836a-4c76-8101-7708a35f2717___JR_HL%207733.JPG,train,image_0481,/content/selected_images/PlantVillage/train/pepper_healthy/image_0481.jpg,cached
PlantVillage,tomato_early_blight,https://raw.githubusercontent.com/spMohanty/PlantVillage-Dataset/master/raw/color/Tomato___Early_blight/68d40fcc-8554-4973-9abc-27fc1928cc9c___RS_Erly.B%207595.JPG,train,image_0482,/content/selected_images/PlantVillage/train/tomato_early_blight/image_0482.jpg,cached
PlantVillage,pepper_healthy,https://raw.githubusercontent.com/spMohanty/PlantVillage-Dataset/master/raw/color/Pepper%2C_bell___healthy/4ab14ef2-ad45-4df6-87ce-1ffd11ad5543___JR_HL%207899.JPG,train,image_0483,/content/selected_images/PlantVillage/train/pepper_healthy/image_0483.jpg,cached
PlantVillage,tomato_late_blight,https://raw.githubusercontent.com/spMohanty/PlantVillage-Dataset/master/raw/color/Tomato___Late_blight/9cb4cbdd-147f-4cfe-a30a-dd003520f0dc___GHLB2%20Leaf%208988.JPG,test,image_0484,/content/selected_images/PlantVillage/test/tomato_late_blight/image_0484.jpg,cached
PlantVillage,tomato_bacterial_spot,https://raw.githubusercontent.com/spMohanty/PlantVillage-Dataset/master/raw/color/Tomato___Bacterial_spot/21833eb1-b84e-4471-816b-166e575ed0e7___GCREC_Bact.Sp%203244.JPG,test,image_0485,/content/selected_images/PlantVillage/test/tomato_bacterial_spot/image_0485.jpg,cached
PlantDoc,tomato_healthy,https://raw.githubusercontent.com/pratikkayal/PlantDoc-Dataset/master/test/Tomato%20leaf/1684.jpg,train,image_0486,/content/selected_images/PlantDoc/train/tomato_healthy/image_0486.jpg,cached
PlantDoc,tomato_late_blight,https://raw.githubusercontent.com/pratikkayal/PlantDoc-Dataset/master/train/Tomato%20leaf%20late%20blight/tomato_late-blight_03_zoom.jpg,train,image_0487,/content/selected_images/PlantDoc/train/tomato_late_blight/image_0487.jpg,cached
PlantDoc,tomato_septoria_leaf_spot,https://raw.githubusercontent.com/pratikkayal/PlantDoc-Dataset/master/train/Tomato%20Septoria%20leaf%20spot/classic-septoria.jpg,train,image_0488,/content/selected_images/PlantDoc/train/tomato_septoria_leaf_spot/image_0488.jpg,cached
PlantDoc,tomato_leaf_mould,https://raw.githubusercontent.com/pratikkayal/PlantDoc-Dataset/master/train/Tomato%20mold%20leaf/Leaf%2BMold%2Blower%2Bleaf%2Bsurface%2Bspores%2B%2528conidia%2529.jpg,train,image_0489,/content/selected_images/PlantDoc/train/tomato_leaf_mould/image_0489.jpg,cached
PlantVillage,tomato_late_blight,https://raw.githubusercontent.com/spMohanty/PlantVillage-Dataset/master/raw/color/Tomato___Late_blight/9309c2d7-07ea-4dfb-a79e-2e9128d38a75___GHLB2%20Leaf%20107.3.JPG,train,image_0490,/content/selected_images/PlantVillage/train/tomato_late_blight/image_0490.jpg,cached
PlantVillage,tomato_septoria_leaf_spot,https://raw.githubusercontent.com/spMohanty/PlantVillage-Dataset/master/raw/color/Tomato___Septoria_leaf_spot/d645a5d8-a404-4825-8be7-a15725ee26d8___Matt.S_CG%202629.JPG,train,image_0491,/content/selected_images/PlantVillage/train/tomato_septoria_leaf_spot/image_0491.jpg,cached
PlantDoc,pepper_healthy,https://raw.githubusercontent.com/pratikkayal/PlantDoc-Dataset/master/train/Bell_pepper%20leaf/pepper-plant-leaves-green-bell-pepper-seedlings-growing-in-dark-brown-soil-in-the-sunshine-with-a-white-my-pepper-plant-leaves-are-being-eaten.jpg,train,image_0492,/content/selected_images/PlantDoc/train/pepper_healthy/image_0492.jpg,cached
PlantDoc,tomato_late_blight,https://raw.githubusercontent.com/pratikkayal/PlantDoc-Dataset/master/train/Tomato%20leaf%20late%20blight/late_blight_tomato_leaf_.jpg,test,image_0493,/content/selected_images/PlantDoc/test/tomato_late_blight/image_0493.jpg,cached
PlantDoc,tomato_late_blight,https://raw.githubusercontent.com/pratikkayal/PlantDoc-Dataset/master/train/Tomato%20leaf%20late%20blight/tomato.early.blightH.jpg,train,image_0494,/content/selected_images/PlantDoc/train/tomato_late_blight/image_0494.jpg,cached
PlantVillage,tomato_bacterial_spot,https://raw.githubusercontent.com/spMohanty/PlantVillage-Dataset/master/raw/color/Tomato___Bacterial_spot/236e1153-9421-4a7a-bf51-e8e53f9ada22___UF.GRC_BS_Lab%20Leaf%200338.JPG,train,image_0495,/content/selected_images/PlantVillage/train/tomato_bacterial_spot/image_0495.jpg,cached
PlantDoc,tomato_healthy,https://raw.githubusercontent.com/pratikkayal/PlantDoc-Dataset/master/train/Tomato%20leaf/tomato-leaf-6291945.jpg,train,image_0496,/content/selected_images/PlantDoc/train/tomato_healthy/image_0496.jpg,cached
PlantVillage,tomato_septoria_leaf_spot,https://raw.githubusercontent.com/spMohanty/PlantVillage-Dataset/master/raw/color/Tomato___Septoria_leaf_spot/846797a3-3eb3-403d-aeb3-816f8f2b53d9___Keller.St_CG%202029.JPG,train,image_0497,/content/selected_images/PlantVillage/train/tomato_septoria_leaf_spot/image_0497.jpg,cached
PlantVillage,tomato_bacterial_spot,https://raw.githubusercontent.com/spMohanty/PlantVillage-Dataset/master/raw/color/Tomato___Bacterial_spot/6e5046d4-95c4-4650-a31e-4ac145669433___GCREC_Bact.Sp%205842.JPG,train,image_0498,/content/selected_images/PlantVillage/train/tomato_bacterial_spot/image_0498.jpg,cached
PlantVillage,pepper_leaf_spot,https://raw.githubusercontent.com/spMohanty/PlantVillage-Dataset/master/raw/color/Pepper%2C_bell___Bacterial_spot/2b710a19-f4cd-4bcf-afbf-e48face96045___NREC_B.Spot%201931.JPG,train,image_0499,/content/selected_images/PlantVillage/train/pepper_leaf_spot/image_0499.jpg,cached
PlantDoc,tomato_healthy,https://raw.githubusercontent.com/pratikkayal/PlantDoc-Dataset/master/train/Tomato%20leaf/single-a-green-leaf-of-tomato-picture-id496662675%3Fk%3D6%26m%3D496662675%26s%3D612x612%26w%3D0%26h%3D6zKfv022H_9cLQSIR_kpcOAlTeg1eIVtLBbc80PQA7Y%3D.jpg,test,image_0500,/content/selected_images/PlantDoc/test/tomato_healthy/image_0500.jpg,cached
PlantDoc,pepper_healthy,https://raw.githubusercontent.com/pratikkayal/PlantDoc-Dataset/master/train/Bell_pepper%20leaf/pepper%2Bleaves.JPG.jpg,train,image_0501,/content/selected_images/PlantDoc/train/pepper_healthy/image_0501.jpg,cached
PlantVillage,pepper_leaf_spot,https://raw.githubusercontent.com/spMohanty/PlantVillage-Dataset/master/raw/color/Pepper%2C_bell___Bacterial_spot/3b3fcf17-b337-4548-b27f-f2b501c035c0___NREC_B.Spot%201942.JPG,train,image_0502,/content/selected_images/PlantVillage/train/pepper_leaf_spot/image_0502.jpg,cached
PlantDoc,pepper_leaf_spot,https://raw.githubusercontent.com/pratikkayal/PlantDoc-Dataset/master/train/Bell_pepper%20leaf%20spot/04.jpg,test,image_0503,/content/selected_images/PlantDoc/test/pepper_leaf_spot/image_0503.jpg,cached
PlantDoc,tomato_late_blight,https://raw.githubusercontent.com/pratikkayal/PlantDoc-Dataset/master/test/Tomato%20leaf%20late%20blight/LateBlt09_06.jpg,train,image_0504,/content/selected_images/PlantDoc/train/tomato_late_blight/image_0504.jpg,cached
PlantVillage,tomato_early_blight,https://raw.githubusercontent.com/spMohanty/PlantVillage-Dataset/master/raw/color/Tomato___Early_blight/8e4238dc-b4fd-46d0-8892-965e64dad7ab___RS_Erly.B%209404.JPG,train,image_0505,/content/selected_images/PlantVillage/train/tomato_early_blight/image_0505.jpg,cached
PlantVillage,tomato_bacterial_spot,https://raw.githubusercontent.com/spMohanty/PlantVillage-Dataset/master/raw/color/Tomato___Bacterial_spot/373f5689-ca40-4b44-836d-c9a343d984f5___UF.GRC_BS_Lab%20Leaf%209295.JPG,train,image_0506,/content/selected_images/PlantVillage/train/tomato_bacterial_spot/image_0506.jpg,cached
PlantDoc,tomato_septoria_leaf_spot,https://raw.githubusercontent.com/pratikkayal/PlantDoc-Dataset/master/train/Tomato%20Septoria%20leaf%20spot/BCH%2520medium%2520thumbnail%2520for%2520upload%2520%252861%2529.jpg,train,image_0507,/content/selected_images/PlantDoc/train/tomato_septoria_leaf_spot/image_0507.jpg,cached
PlantDoc,tomato_late_blight,https://raw.githubusercontent.com/pratikkayal/PlantDoc-Dataset/master/train/Tomato%20leaf%20late%20blight/late_blight_drought_leaves1x1200.jpg,train,image_0508,/content/selected_images/PlantDoc/train/tomato_late_blight/image_0508.jpg,cached
PlantVillage,tomato_septoria_leaf_spot,https://raw.githubusercontent.com/spMohanty/PlantVillage-Dataset/master/raw/color/Tomato___Septoria_leaf_spot/ce36c943-7a6b-4437-b5cc-773c511eeb55___Matt.S_CG%207800.JPG,train,image_0509,/content/selected_images/PlantVillage/train/tomato_septoria_leaf_spot/image_0509.jpg,cached
PlantDoc,tomato_bacterial_spot,https://raw.githubusercontent.com/pratikkayal/PlantDoc-Dataset/master/test/Tomato%20leaf%20bacterial%20spot/07.17.18-Common_Tomato_Diseases_Canker-258x300.jpg,train,image_0510,/content/selected_images/PlantDoc/train/tomato_bacterial_spot/image_0510.jpg,cached
PlantVillage,tomato_healthy,https://raw.githubusercontent.com/spMohanty/PlantVillage-Dataset/master/raw/color/Tomato___healthy/de56bf63-8f55-426a-a2a1-8a8a635ad5a0___RS_HL%209747.JPG,train,image_0511,/content/selected_images/PlantVillage/train/tomato_healthy/image_0511.jpg,cached
PlantVillage,pepper_leaf_spot,https://raw.githubusercontent.com/spMohanty/PlantVillage-Dataset/master/raw/color/Pepper%2C_bell___Bacterial_spot/d8e201e5-870e-4985-b2d7-f0dc80ab96b0___JR_B.Spot%208892.JPG,test,image_0512,/content/selected_images/PlantVillage/test/pepper_leaf_spot/image_0512.jpg,cached
PlantDoc,tomato_septoria_leaf_spot,https://raw.githubusercontent.com/pratikkayal/PlantDoc-Dataset/master/test/Tomato%20Septoria%20leaf%20spot/2STEM.jpg,train,image_0513,/content/selected_images/PlantDoc/train/tomato_septoria_leaf_spot/image_0513.jpg,cached
PlantVillage,tomato_septoria_leaf_spot,https://raw.githubusercontent.com/spMohanty/PlantVillage-Dataset/master/raw/color/Tomato___Septoria_leaf_spot/f7c80186-a4f8-4c18-af38-106b81f23bbd___Matt.S_CG%207658.JPG,train,image_0514,/content/selected_images/PlantVillage/train/tomato_septoria_leaf_spot/image_0514.jpg,cached
PlantVillage,tomato_bacterial_spot,https://raw.githubusercontent.com/spMohanty/PlantVillage-Dataset/master/raw/color/Tomato___Bacterial_spot/bb199ebe-f777-4760-adb1-368291627d3d___GCREC_Bact.Sp%205749.JPG,train,image_0515,/content/selected_images/PlantVillage/train/tomato_bacterial_spot/image_0515.jpg,cached
PlantVillage,tomato_early_blight,https://raw.githubusercontent.com/spMohanty/PlantVillage-Dataset/master/raw/color/Tomato___Early_blight/6fbefe16-4635-4a03-b245-65594ded39cf___RS_Erly.B%207654.JPG,test,image_0516,/content/selected_images/PlantVillage/test/tomato_early_blight/image_0516.jpg,cached
PlantVillage,tomato_bacterial_spot,https://raw.githubusercontent.com/spMohanty/PlantVillage-Dataset/master/raw/color/Tomato___Bacterial_spot/f1164b16-0b05-413e-be8d-79d85901e34b___GCREC_Bact.Sp%203443.JPG,test,image_0517,/content/selected_images/PlantVillage/test/tomato_bacterial_spot/image_0517.jpg,cached
PlantDoc,pepper_healthy,https://raw.githubusercontent.com/pratikkayal/PlantDoc-Dataset/master/train/Bell_pepper%20leaf/img_2509_b.jpg,train,image_0518,/content/selected_images/PlantDoc/train/pepper_healthy/image_0518.jpg,cached
PlantVillage,pepper_leaf_spot,https://raw.githubusercontent.com/spMohanty/PlantVillage-Dataset/master/raw/color/Pepper%2C_bell___Bacterial_spot/ebe12503-1abc-4e09-9eee-3180b67c29f4___JR_B.Spot%208849.JPG,train,image_0519,/content/selected_images/PlantVillage/train/pepper_leaf_spot/image_0519.jpg,cached
PlantDoc,tomato_late_blight,https://raw.githubusercontent.com/pratikkayal/PlantDoc-Dataset/master/train/Tomato%20leaf%20late%20blight/Late-blight-foliar-leasion-on-tomato.jpg,test,image_0520,/content/selected_images/PlantDoc/test/tomato_late_blight/image_0520.jpg,cached
PlantDoc,pepper_healthy,https://raw.githubusercontent.com/pratikkayal/PlantDoc-Dataset/master/train/Bell_pepper%20leaf/951d30.jpg,train,image_0521,/content/selected_images/PlantDoc/train/pepper_healthy/image_0521.jpg,cached
PlantDoc,pepper_healthy,https://raw.githubusercontent.com/pratikkayal/PlantDoc-Dataset/master/train/Bell_pepper%20leaf/DSCN0652.jpg,test,image_0522,/content/selected_images/PlantDoc/test/pepper_healthy/image_0522.jpg,cached
PlantDoc,tomato_septoria_leaf_spot,https://raw.githubusercontent.com/pratikkayal/PlantDoc-Dataset/master/train/Tomato%20Septoria%20leaf%20spot/Septoria-461x346.jpg,train,image_0523,/content/selected_images/PlantDoc/train/tomato_septoria_leaf_spot/image_0523.jpg,cached
PlantVillage,tomato_healthy,https://raw.githubusercontent.com/spMohanty/PlantVillage-Dataset/master/raw/color/Tomato___healthy/d247170c-6756-41f0-9074-09190f485cdb___RS_HL%200034.JPG,train,image_0524,/content/selected_images/PlantVillage/train/tomato_healthy/image_0524.jpg,cached
PlantVillage,pepper_leaf_spot,https://raw.githubusercontent.com/spMohanty/PlantVillage-Dataset/master/raw/color/Pepper%2C_bell___Bacterial_spot/3610f357-8b9f-4f98-8e7f-c4297daf3b20___NREC_B.Spot%201971.JPG,train,image_0525,/content/selected_images/PlantVillage/train/pepper_leaf_spot/image_0525.jpg,cached
PlantVillage,tomato_septoria_leaf_spot,https://raw.githubusercontent.com/spMohanty/PlantVillage-Dataset/master/raw/color/Tomato___Septoria_leaf_spot/2e9928ec-5f57-4587-bbc3-18e30d2938e3___JR_Sept.L.S%208373.JPG,test,image_0526,/content/selected_images/PlantVillage/test/tomato_septoria_leaf_spot/image_0526.jpg,cached
PlantDoc,tomato_early_blight,https://raw.githubusercontent.com/pratikkayal/PlantDoc-Dataset/master/train/Tomato%20Early%20blight%20leaf/Tomato-Early-Blight-Leaf-Examples-Cornell-University.jpg,test,image_0527,/content/selected_images/PlantDoc/test/tomato_early_blight/image_0527.jpg,cached
PlantVillage,pepper_healthy,https://raw.githubusercontent.com/spMohanty/PlantVillage-Dataset/master/raw/color/Pepper%2C_bell___healthy/ce7d2ea8-c920-4ab0-a59c-807028c3baa6___JR_HL%208128.JPG,train,image_0528,/content/selected_images/PlantVillage/train/pepper_healthy/image_0528.jpg,cached
PlantDoc,tomato_early_blight,https://raw.githubusercontent.com/pratikkayal/PlantDoc-Dataset/master/train/Tomato%20Early%20blight%20leaf/Tomato-Alternaria-Early-Blight.jpg,train,image_0529,/content/selected_images/PlantDoc/train/tomato_early_blight/image_0529.jpg,cached
PlantDoc,tomato_leaf_mould,https://raw.githubusercontent.com/pratikkayal/PlantDoc-Dataset/master/train/Tomato%20mold%20leaf/B%2529-Leafunsidecladosp-envez.jpg,train,image_0530,/content/selected_images/PlantDoc/train/tomato_leaf_mould/image_0530.jpg,cached
PlantVillage,tomato_leaf_mould,https://raw.githubusercontent.com/spMohanty/PlantVillage-Dataset/master/raw/color/Tomato___Leaf_Mold/5014af80-1e3c-4a8b-9722-f90e874cbf42___Crnl_L.Mold%208991.JPG,test,image_0531,/content/selected_images/PlantVillage/test/tomato_leaf_mould/image_0531.jpg,cached
PlantVillage,tomato_early_blight,https://raw.githubusercontent.com/spMohanty/PlantVillage-Dataset/master/raw/color/Tomato___Early_blight/3b1caf5d-9b90-4adc-bde6-8a16af479f0a___RS_Erly.B%208270.JPG,train,image_0532,/content/selected_images/PlantVillage/train/tomato_early_blight/image_0532.jpg,cached
PlantVillage,pepper_healthy,https://raw.githubusercontent.com/spMohanty/PlantVillage-Dataset/master/raw/color/Pepper%2C_bell___healthy/10e9f67f-8f2f-4bec-a20a-62d032cc3414___JR_HL%207808.JPG,train,image_0533,/content/selected_images/PlantVillage/train/pepper_healthy/image_0533.jpg,cached
PlantVillage,tomato_late_blight,https://raw.githubusercontent.com/spMohanty/PlantVillage-Dataset/master/raw/color/Tomato___Late_blight/0fca6d09-1931-4767-a195-1dd2b7cd10b7___GHLB%20Leaf%208%20Day%2012.JPG,test,image_0534,/content/selected_images/PlantVillage/test/tomato_late_blight/image_0534.jpg,cached
PlantVillage,tomato_bacterial_spot,https://raw.githubusercontent.com/spMohanty/PlantVillage-Dataset/master/raw/color/Tomato___Bacterial_spot/b5f208b2-bfa5-4542-bbd3-265519820575___GCREC_Bact.Sp%206127.JPG,test,image_0535,/content/selected_images/PlantVillage/test/tomato_bacterial_spot/image_0535.jpg,cached
PlantDoc,tomato_septoria_leaf_spot,https://raw.githubusercontent.com/pratikkayal/PlantDoc-Dataset/master/train/Tomato%20Septoria%20leaf%20spot/Septoria_Leaf_Spot_of_Tomato2241-450x300.jpg,train,image_0536,/content/selected_images/PlantDoc/train/tomato_septoria_leaf_spot/image_0536.jpg,cached
PlantDoc,tomato_late_blight,https://raw.githubusercontent.com/pratikkayal/PlantDoc-Dataset/master/train/Tomato%20leaf%20late%20blight/photo-9.jpg,train,image_0537,/content/selected_images/PlantDoc/train/tomato_late_blight/image_0537.jpg,cached
PlantDoc,tomato_bacterial_spot,https://raw.githubusercontent.com/pratikkayal/PlantDoc-Dataset/master/train/Tomato%20leaf%20bacterial%20spot/tomato1A.jpg,train,image_0538,/content/selected_images/PlantDoc/train/tomato_bacterial_spot/image_0538.jpg,cached
PlantVillage,tomato_early_blight,https://raw.githubusercontent.com/spMohanty/PlantVillage-Dataset/master/raw/color/Tomato___Early_blight/bcae6e76-f374-446e-b5c3-a7d18f1444f6___RS_Erly.B%207643.JPG,train,image_0539,/content/selected_images/PlantVillage/train/tomato_early_blight/image_0539.jpg,cached
PlantVillage,tomato_septoria_leaf_spot,https://raw.githubusercontent.com/spMohanty/PlantVillage-Dataset/master/raw/color/Tomato___Septoria_leaf_spot/1f55c2e9-67b2-4377-a426-4932a77c3439___Matt.S_CG%207778.JPG,train,image_0540,/content/selected_images/PlantVillage/train/tomato_septoria_leaf_spot/image_0540.jpg,cached
PlantDoc,tomato_septoria_leaf_spot,https://raw.githubusercontent.com/pratikkayal/PlantDoc-Dataset/master/train/Tomato%20Septoria%20leaf%20spot/5008922249_880e15c21f.jpg,train,image_0541,/content/selected_images/PlantDoc/train/tomato_septoria_leaf_spot/image_0541.jpg,cached
PlantVillage,tomato_late_blight,https://raw.githubusercontent.com/spMohanty/PlantVillage-Dataset/master/raw/color/Tomato___Late_blight/2939e3f2-d0c5-462c-b652-8cf4ef87d844___RS_Late.B%206600.JPG,train,image_0542,/content/selected_images/PlantVillage/train/tomato_late_blight/image_0542.jpg,cached
PlantVillage,tomato_late_blight,https://raw.githubusercontent.com/spMohanty/PlantVillage-Dataset/master/raw/color/Tomato___Late_blight/27a3a882-d241-4b46-9606-04e7fcaced25___GHLB2%20Leaf%208599.JPG,train,image_0543,/content/selected_images/PlantVillage/train/tomato_late_blight/image_0543.jpg,cached
PlantDoc,tomato_septoria_leaf_spot,https://raw.githubusercontent.com/pratikkayal/PlantDoc-Dataset/master/train/Tomato%20Septoria%20leaf%20spot/49-Septoria-leaf-spot.jpg,train,image_0544,/content/selected_images/PlantDoc/train/tomato_septoria_leaf_spot/image_0544.jpg,cached
PlantVillage,tomato_healthy,https://raw.githubusercontent.com/spMohanty/PlantVillage-Dataset/master/raw/color/Tomato___healthy/23a4712e-8805-43f7-9ae4-655d1c4799b0___RS_HL%200619.JPG,train,image_0545,/content/selected_images/PlantVillage/train/tomato_healthy/image_0545.jpg,cached
PlantVillage,tomato_healthy,https://raw.githubusercontent.com/spMohanty/PlantVillage-Dataset/master/raw/color/Tomato___healthy/a1414092-da7c-4e7e-9b25-6fb76e07285b___RS_HL%200247.JPG,test,image_0546,/content/selected_images/PlantVillage/test/tomato_healthy/image_0546.jpg,cached
PlantDoc,tomato_early_blight,https://raw.githubusercontent.com/pratikkayal/PlantDoc-Dataset/master/train/Tomato%20Early%20blight%20leaf/5086-early.jpg,test,image_0547,/content/selected_images/PlantDoc/test/tomato_early_blight/image_0547.jpg,cached
PlantVillage,pepper_healthy,https://raw.githubusercontent.com/spMohanty/PlantVillage-Dataset/master/raw/color/Pepper%2C_bell___healthy/8a74cfbd-1444-4cbe-be09-2554ee4b7032___JR_HL%208074.JPG,train,image_0548,/content/selected_images/PlantVillage/train/pepper_healthy/image_0548.jpg,cached
PlantVillage,tomato_late_blight,https://raw.githubusercontent.com/spMohanty/PlantVillage-Dataset/master/raw/color/Tomato___Late_blight/726a5ae7-e33b-4854-a872-71318ec3a493___RS_Late.B%205538.JPG,train,image_0549,/content/selected_images/PlantVillage/train/tomato_late_blight/image_0549.jpg,cached
PlantDoc,tomato_leaf_mould,https://raw.githubusercontent.com/pratikkayal/PlantDoc-Dataset/master/train/Tomato%20mold%20leaf/tomato-leaf-mold-2.jpg,test,image_0550,/content/selected_images/PlantDoc/test/tomato_leaf_mould/image_0550.jpg,cached
PlantVillage,tomato_healthy,https://raw.githubusercontent.com/spMohanty/PlantVillage-Dataset/master/raw/color/Tomato___healthy/4758f78c-2d77-4f22-aee8-914c0745edcf___RS_HL%200434.JPG,train,image_0551,/content/selected_images/PlantVillage/train/tomato_healthy/image_0551.jpg,cached
PlantVillage,tomato_septoria_leaf_spot,https://raw.githubusercontent.com/spMohanty/PlantVillage-Dataset/master/raw/color/Tomato___Septoria_leaf_spot/758a564e-79cd-44c3-a43f-822955465692___Matt.S_CG%202601.JPG,train,image_0552,/content/selected_images/PlantVillage/train/tomato_septoria_leaf_spot/image_0552.jpg,cached
PlantVillage,tomato_leaf_mould,https://raw.githubusercontent.com/spMohanty/PlantVillage-Dataset/master/raw/color/Tomato___Leaf_Mold/4babadaf-7d3f-4cc8-8179-05d86893dd97___Crnl_L.Mold%209096.JPG,train,image_0553,/content/selected_images/PlantVillage/train/tomato_leaf_mould/image_0553.jpg,cached
PlantDoc,pepper_leaf_spot,https://raw.githubusercontent.com/pratikkayal/PlantDoc-Dataset/master/train/Bell_pepper%20leaf%20spot/pepper-plant-leaves-turning-yellow-plants-turning-yellow-pepper-plant-leaves-turning-yellow-with-brown-spots.jpg,train,image_0554,/content/selected_images/PlantDoc/train/pepper_leaf_spot/image_0554.jpg,cached
PlantVillage,tomato_late_blight,https://raw.githubusercontent.com/spMohanty/PlantVillage-Dataset/master/raw/color/Tomato___Late_blight/c68a177e-bd9d-4995-a8ab-9ef75bcef2fe___GHLB2%20Leaf%208995.JPG,train,image_0555,/content/selected_images/PlantVillage/train/tomato_late_blight/image_0555.jpg,cached
PlantVillage,pepper_healthy,https://raw.githubusercontent.com/spMohanty/PlantVillage-Dataset/master/raw/color/Pepper%2C_bell___healthy/d66b5be2-52c2-41f5-bc30-c82b9f4a9bd5___JR_HL%208274.JPG,train,image_0556,/content/selected_images/PlantVillage/train/pepper_healthy/image_0556.jpg,cached
PlantDoc,tomato_early_blight,https://raw.githubusercontent.com/pratikkayal/PlantDoc-Dataset/master/train/Tomato%20Early%20blight%20leaf/Tomato%2520early%2520blight%2520target%2520like%2520leaf%2520spot.jpg,test,image_0557,/content/selected_images/PlantDoc/test/tomato_early_blight/image_0557.jpg,cached
PlantDoc,tomato_early_blight,https://raw.githubusercontent.com/pratikkayal/PlantDoc-Dataset/master/train/Tomato%20Early%20blight%20leaf/20080526-_DSC4211.jpg,train,image_0558,/content/selected_images/PlantDoc/train/tomato_early_blight/image_0558.jpg,cached
PlantDoc,tomato_early_blight,https://raw.githubusercontent.com/pratikkayal/PlantDoc-Dataset/master/train/Tomato%20Early%20blight%20leaf/ealryblight.jpg,test,image_0559,/content/selected_images/PlantDoc/test/tomato_early_blight/image_0559.jpg,cached
PlantVillage,tomato_leaf_mould,https://raw.githubusercontent.com/spMohanty/PlantVillage-Dataset/master/raw/color/Tomato___Leaf_Mold/59b7a40e-6049-424d-a05e-21a16570f170___Crnl_L.Mold%209153.JPG,train,image_0560,/content/selected_images/PlantVillage/train/tomato_leaf_mould/image_0560.jpg,cached
PlantDoc,pepper_healthy,https://raw.githubusercontent.com/pratikkayal/PlantDoc-Dataset/master/train/Bell_pepper%20leaf/DSCN3768.JPG.jpg,train,image_0561,/content/selected_images/PlantDoc/train/pepper_healthy/image_0561.jpg,cached
PlantDoc,pepper_leaf_spot,https://raw.githubusercontent.com/pratikkayal/PlantDoc-Dataset/master/train/Bell_pepper%20leaf%20spot/05.jpg,train,image_0562,/content/selected_images/PlantDoc/train/pepper_leaf_spot/image_0562.jpg,cached
PlantVillage,pepper_healthy,https://raw.githubusercontent.com/spMohanty/PlantVillage-Dataset/master/raw/color/Pepper%2C_bell___healthy/7c36055a-505d-4fd3-9b2f-d165f1324a92___JR_HL%208265.JPG,train,image_0563,/content/selected_images/PlantVillage/train/pepper_healthy/image_0563.jpg,cached
PlantVillage,tomato_healthy,https://raw.githubusercontent.com/spMohanty/PlantVillage-Dataset/master/raw/color/Tomato___healthy/5df79085-2c00-41d6-ac0f-33a831a16d89___RS_HL%209634.JPG,train,image_0564,/content/selected_images/PlantVillage/train/tomato_healthy/image_0564.jpg,cached
PlantVillage,tomato_early_blight,https://raw.githubusercontent.com/spMohanty/PlantVillage-Dataset/master/raw/color/Tomato___Early_blight/2efd143b-619d-455d-9b16-95536cad01e3___RS_Erly.B%207780.JPG,train,image_0565,/content/selected_images/PlantVillage/train/tomato_early_blight/image_0565.jpg,cached
PlantDoc,tomato_late_blight,https://raw.githubusercontent.com/pratikkayal/PlantDoc-Dataset/master/train/Tomato%20leaf%20late%20blight/late_blight1.jpg,train,image_0566,/content/selected_images/PlantDoc/train/tomato_late_blight/image_0566.jpg,cached
PlantDoc,tomato_late_blight,https://raw.githubusercontent.com/pratikkayal/PlantDoc-Dataset/master/test/Tomato%20leaf%20late%20blight/110822-206-Tomato-blight.jpg,train,image_0567,/content/selected_images/PlantDoc/train/tomato_late_blight/image_0567.jpg,cached
PlantDoc,tomato_early_blight,https://raw.githubusercontent.com/pratikkayal/PlantDoc-Dataset/master/train/Tomato%20Early%20blight%20leaf/126689-004-D622CD2F.jpg,train,image_0568,/content/selected_images/PlantDoc/train/tomato_early_blight/image_0568.jpg,cached
PlantDoc,tomato_late_blight,https://raw.githubusercontent.com/pratikkayal/PlantDoc-Dataset/master/train/Tomato%20leaf%20late%20blight/dsc_4621c.jpg,train,image_0569,/content/selected_images/PlantDoc/train/tomato_late_blight/image_0569.jpg,cached
PlantVillage,tomato_healthy,https://raw.githubusercontent.com/spMohanty/PlantVillage-Dataset/master/raw/color/Tomato___healthy/87d30769-5aea-4648-8105-788267115242___GH_HL%20Leaf%20414.1.JPG,test,image_0570,/content/selected_images/PlantVillage/test/tomato_healthy/image_0570.jpg,cached
PlantVillage,tomato_early_blight,https://raw.githubusercontent.com/spMohanty/PlantVillage-Dataset/master/raw/color/Tomato___Early_blight/8a1d3598-cd1d-4978-9e18-b5e205108540___RS_Erly.B%208315.JPG,train,image_0571,/content/selected_images/PlantVillage/train/tomato_early_blight/image_0571.jpg,cached
PlantDoc,tomato_late_blight,https://raw.githubusercontent.com/pratikkayal/PlantDoc-Dataset/master/train/Tomato%20leaf%20late%20blight/late_blight_2013_longisland2x1200.jpg,train,image_0572,/content/selected_images/PlantDoc/train/tomato_late_blight/image_0572.jpg,cached
PlantDoc,pepper_leaf_spot,https://raw.githubusercontent.com/pratikkayal/PlantDoc-Dataset/master/train/Bell_pepper%20leaf%20spot/G3O1I.jpg,train,image_0573,/content/selected_images/PlantDoc/train/pepper_leaf_spot/image_0573.jpg,cached
PlantDoc,tomato_bacterial_spot,https://raw.githubusercontent.com/pratikkayal/PlantDoc-Dataset/master/train/Tomato%20leaf%20bacterial%20spot/CankerRhiemsFiring1-copy-50-QUALITY-16lcw30.jpg,train,image_0574,/content/selected_images/PlantDoc/train/tomato_bacterial_spot/image_0574.jpg,cached
PlantVillage,pepper_healthy,https://raw.githubusercontent.com/spMohanty/PlantVillage-Dataset/master/raw/color/Pepper%2C_bell___healthy/573a1adf-4134-43f4-919c-939c0bb9a8da___JR_HL%207847.JPG,train,image_0575,/content/selected_images/PlantVillage/train/pepper_healthy/image_0575.jpg,cached
PlantVillage,tomato_healthy,https://raw.githubusercontent.com/spMohanty/PlantVillage-Dataset/master/raw/color/Tomato___healthy/93228670-1f62-4e23-8993-a488ff7068c0___GH_HL%20Leaf%20257.1.JPG,train,image_0576,/content/selected_images/PlantVillage/train/tomato_healthy/image_0576.jpg,cached
PlantVillage,tomato_late_blight,https://raw.githubusercontent.com/spMohanty/PlantVillage-Dataset/master/raw/color/Tomato___Late_blight/275e6226-c0a6-482d-b382-da22452db846___GHLB2%20Leaf%208607.JPG,train,image_0577,/content/selected_images/PlantVillage/train/tomato_late_blight/image_0577.jpg,cached
PlantVillage,tomato_early_blight,https://raw.githubusercontent.com/spMohanty/PlantVillage-Dataset/master/raw/color/Tomato___Early_blight/bd0f06fb-1f9a-4de8-8c96-926d312cea27___RS_Erly.B%207603.JPG,train,image_0578,/content/selected_images/PlantVillage/train/tomato_early_blight/image_0578.jpg,cached
PlantDoc,tomato_healthy,https://raw.githubusercontent.com/pratikkayal/PlantDoc-Dataset/master/train/Tomato%20leaf/tomato-leaves-17427786.jpg,train,image_0579,/content/selected_images/PlantDoc/train/tomato_healthy/image_0579.jpg,cached
PlantDoc,tomato_septoria_leaf_spot,https://raw.githubusercontent.com/pratikkayal/PlantDoc-Dataset/master/train/Tomato%20Septoria%20leaf%20spot/confused-early-blight-septoria-zoom.jpg,train,image_0580,/content/selected_images/PlantDoc/train/tomato_septoria_leaf_spot/image_0580.jpg,cached
PlantVillage,tomato_bacterial_spot,https://raw.githubusercontent.com/spMohanty/PlantVillage-Dataset/master/raw/color/Tomato___Bacterial_spot/00639d29-2d1a-4fcf-9bd3-a2b3109c74c4___UF.GRC_BS_Lab%20Leaf%201054.JPG,train,image_0581,/content/selected_images/PlantVillage/train/tomato_bacterial_spot/image_0581.jpg,cached
PlantVillage,pepper_leaf_spot,https://raw.githubusercontent.com/spMohanty/PlantVillage-Dataset/master/raw/color/Pepper%2C_bell___Bacterial_spot/11e6ce0a-8511-485a-b22c-21b978d28e5e___JR_B.Spot%203383.JPG,train,image_0582,/content/selected_images/PlantVillage/train/pepper_leaf_spot/image_0582.jpg,cached
PlantDoc,pepper_leaf_spot,https://raw.githubusercontent.com/pratikkayal/PlantDoc-Dataset/master/train/Bell_pepper%20leaf%20spot/Bacterial_leaf_spot_symptoms.jpg,test,image_0583,/content/selected_images/PlantDoc/test/pepper_leaf_spot/image_0583.jpg,cached
PlantVillage,tomato_bacterial_spot,https://raw.githubusercontent.com/spMohanty/PlantVillage-Dataset/master/raw/color/Tomato___Bacterial_spot/8833a1e2-425e-4902-9883-2727ad858d23___UF.GRC_BS_Lab%20Leaf%209103.JPG,train,image_0584,/content/selected_images/PlantVillage/train/tomato_bacterial_spot/image_0584.jpg,cached
PlantVillage,tomato_late_blight,https://raw.githubusercontent.com/spMohanty/PlantVillage-Dataset/master/raw/color/Tomato___Late_blight/71a47848-146e-4cda-ae09-5ff0fe3a0540___GHLB2%20Leaf%2080.1.JPG,test,image_0585,/content/selected_images/PlantVillage/test/tomato_late_blight/image_0585.jpg,cached
PlantDoc,tomato_leaf_mould,https://raw.githubusercontent.com/pratikkayal/PlantDoc-Dataset/master/train/Tomato%20mold%20leaf/603-116-0.jpg,train,image_0586,/content/selected_images/PlantDoc/train/tomato_leaf_mould/image_0586.jpg,cached
PlantDoc,tomato_bacterial_spot,https://raw.githubusercontent.com/pratikkayal/PlantDoc-Dataset/master/train/Tomato%20leaf%20bacterial%20spot/Bacterial-spot-tomato.jpg,test,image_0587,/content/selected_images/PlantDoc/test/tomato_bacterial_spot/image_0587.jpg,cached
PlantDoc,tomato_bacterial_spot,https://raw.githubusercontent.com/pratikkayal/PlantDoc-Dataset/master/train/Tomato%20leaf%20bacterial%20spot/BCH%2520medium%2520thumbnail%2520for%2520upload%2520%252814%2529.jpg,test,image_0588,/content/selected_images/PlantDoc/test/tomato_bacterial_spot/image_0588.jpg,cached
PlantDoc,tomato_healthy,https://raw.githubusercontent.com/pratikkayal/PlantDoc-Dataset/master/train/Tomato%20leaf/stock-photo-leaves-of-tomato-plant-isolated-on-white-12085288.jpg,train,image_0589,/content/selected_images/PlantDoc/train/tomato_healthy/image_0589.jpg,cached
PlantDoc,tomato_healthy,https://raw.githubusercontent.com/pratikkayal/PlantDoc-Dataset/master/test/Tomato%20leaf/2013-08-20-06.jpg,train,image_0590,/content/selected_images/PlantDoc/train/tomato_healthy/image_0590.jpg,cached
PlantDoc,pepper_healthy,https://raw.githubusercontent.com/pratikkayal/PlantDoc-Dataset/master/train/Bell_pepper%20leaf/2477703364_0c94646b48.jpg,train,image_0591,/content/selected_images/PlantDoc/train/pepper_healthy/image_0591.jpg,cached
PlantDoc,tomato_septoria_leaf_spot,https://raw.githubusercontent.com/pratikkayal/PlantDoc-Dataset/master/train/Tomato%20Septoria%20leaf%20spot/PHOTO_1333642732277.jpg,train,image_0592,/content/selected_images/PlantDoc/train/tomato_septoria_leaf_spot/image_0592.jpg,cached
PlantVillage,pepper_healthy,https://raw.githubusercontent.com/spMohanty/PlantVillage-Dataset/master/raw/color/Pepper%2C_bell___healthy/61e598a1-aaef-48ef-b2d3-773619d25b21___JR_HL%207910.JPG,test,image_0593,/content/selected_images/PlantVillage/test/pepper_healthy/image_0593.jpg,cached
PlantDoc,tomato_leaf_mould,https://raw.githubusercontent.com/pratikkayal/PlantDoc-Dataset/master/train/Tomato%20mold%20leaf/leaf_mold2.jpg,test,image_0594,/content/selected_images/PlantDoc/test/tomato_leaf_mould/image_0594.jpg,cached
PlantVillage,tomato_healthy,https://raw.githubusercontent.com/spMohanty/PlantVillage-Dataset/master/raw/color/Tomato___healthy/7ad747e8-af36-4128-a819-b35e55c93b56___GH_HL%20Leaf%20489.1.JPG,train,image_0595,/content/selected_images/PlantVillage/train/tomato_healthy/image_0595.jpg,cached
PlantDoc,tomato_bacterial_spot,https://raw.githubusercontent.com/pratikkayal/PlantDoc-Dataset/master/train/Tomato%20leaf%20bacterial%20spot/bacterial-leaf-spot.jpg,train,image_0596,/content/selected_images/PlantDoc/train/tomato_bacterial_spot/image_0596.jpg,cached
PlantVillage,tomato_healthy,https://raw.githubusercontent.com/spMohanty/PlantVillage-Dataset/master/raw/color/Tomato___healthy/fd27de23-27cd-4f09-a962-df0b26899b07___RS_HL%200039.JPG,train,image_0597,/content/selected_images/PlantVillage/train/tomato_healthy/image_0597.jpg,cached
PlantVillage,pepper_healthy,https://raw.githubusercontent.com/spMohanty/PlantVillage-Dataset/master/raw/color/Pepper%2C_bell___healthy/537b8292-53ec-408a-b761-3026d651ba29___JR_HL%207797.JPG,train,image_0598,/content/selected_images/PlantVillage/train/pepper_healthy/image_0598.jpg,cached
PlantDoc,pepper_healthy,https://raw.githubusercontent.com/pratikkayal/PlantDoc-Dataset/master/test/Bell_pepper%20leaf/e33155.jpg,train,image_0599,/content/selected_images/PlantDoc/train/pepper_healthy/image_0599.jpg,cached
PlantVillage,pepper_healthy,https://raw.githubusercontent.com/spMohanty/PlantVillage-Dataset/master/raw/color/Pepper%2C_bell___healthy/c0970a6a-0a3c-4582-99c1-1c2bf433b253___JR_HL%208757.JPG,train,image_0600,/content/selected_images/PlantVillage/train/pepper_healthy/image_0600.jpg,cached
PlantDoc,tomato_septoria_leaf_spot,https://raw.githubusercontent.com/pratikkayal/PlantDoc-Dataset/master/train/Tomato%20Septoria%20leaf%20spot/Tom_Sept1.jpg,train,image_0601,/content/selected_images/PlantDoc/train/tomato_septoria_leaf_spot/image_0601.jpg,cached
PlantDoc,tomato_septoria_leaf_spot,https://raw.githubusercontent.com/pratikkayal/PlantDoc-Dataset/master/train/Tomato%20Septoria%20leaf%20spot/PHOTO_1333642740144.jpg,test,image_0602,/content/selected_images/PlantDoc/test/tomato_septoria_leaf_spot/image_0602.jpg,cached
PlantDoc,pepper_healthy,https://raw.githubusercontent.com/pratikkayal/PlantDoc-Dataset/master/test/Bell_pepper%20leaf/RnGnC.jpg,test,image_0603,/content/selected_images/PlantDoc/test/pepper_healthy/image_0603.jpg,cached
PlantDoc,tomato_healthy,https://raw.githubusercontent.com/pratikkayal/PlantDoc-Dataset/master/train/Tomato%20leaf/tomato-leaves.jpg,test,image_0604,/content/selected_images/PlantDoc/test/tomato_healthy/image_0604.jpg,cached
PlantDoc,pepper_healthy,https://raw.githubusercontent.com/pratikkayal/PlantDoc-Dataset/master/test/Bell_pepper%20leaf/GREEN%2520BELL%2520PLANT%2520YELLOW%2520LEAF.JPG.jpg,train,image_0605,/content/selected_images/PlantDoc/train/pepper_healthy/image_0605.jpg,cached
PlantVillage,tomato_early_blight,https://raw.githubusercontent.com/spMohanty/PlantVillage-Dataset/master/raw/color/Tomato___Early_blight/e20f17f5-507c-45a8-8f6e-fcd76b29e564___RS_Erly.B%207694.JPG,test,image_0606,/content/selected_images/PlantVillage/test/tomato_early_blight/image_0606.jpg,cached
PlantDoc,tomato_healthy,https://raw.githubusercontent.com/pratikkayal/PlantDoc-Dataset/master/train/Tomato%20leaf/stock-photo-tomato-leaves-close-up-macro-shot-isolated-on-white-background-78796204.jpg,train,image_0607,/content/selected_images/PlantDoc/train/tomato_healthy/image_0607.jpg,cached
PlantVillage,tomato_bacterial_spot,https://raw.githubusercontent.com/spMohanty/PlantVillage-Dataset/master/raw/color/Tomato___Bacterial_spot/71da2612-0ab3-4b9b-981e-f82b41568fca___GCREC_Bact.Sp%206176.JPG,test,image_0608,/content/selected_images/PlantVillage/test/tomato_bacterial_spot/image_0608.jpg,cached
PlantVillage,pepper_healthy,https://raw.githubusercontent.com/spMohanty/PlantVillage-Dataset/master/raw/color/Pepper%2C_bell___healthy/9810e1af-6c21-4297-b835-330674a5f9d8___JR_HL%208609.JPG,train,image_0609,/content/selected_images/PlantVillage/train/pepper_healthy/image_0609.jpg,cached
PlantDoc,tomato_early_blight,https://raw.githubusercontent.com/pratikkayal/PlantDoc-Dataset/master/train/Tomato%20Early%20blight%20leaf/tomatoblight.jpg,train,image_0610,/content/selected_images/PlantDoc/train/tomato_early_blight/image_0610.jpg,cached
PlantVillage,tomato_septoria_leaf_spot,https://raw.githubusercontent.com/spMohanty/PlantVillage-Dataset/master/raw/color/Tomato___Septoria_leaf_spot/547f63fd-7d0e-4815-b750-65e66cb523aa___Matt.S_CG%207741.JPG,train,image_0611,/content/selected_images/PlantVillage/train/tomato_septoria_leaf_spot/image_0611.jpg,cached
PlantDoc,tomato_septoria_leaf_spot,https://raw.githubusercontent.com/pratikkayal/PlantDoc-Dataset/master/test/Tomato%20Septoria%20leaf%20spot/2septoria-tomato.jpg,train,image_0612,/content/selected_images/PlantDoc/train/tomato_septoria_leaf_spot/image_0612.jpg,cached
PlantVillage,tomato_leaf_mould,https://raw.githubusercontent.com/spMohanty/PlantVillage-Dataset/master/raw/color/Tomato___Leaf_Mold/b7b05e98-5432-43a1-94e7-e1d6146faf18___Crnl_L.Mold%206912.JPG,train,image_0613,/content/selected_images/PlantVillage/train/tomato_leaf_mould/image_0613.jpg,cached
PlantVillage,tomato_bacterial_spot,https://raw.githubusercontent.com/spMohanty/PlantVillage-Dataset/master/raw/color/Tomato___Bacterial_spot/7684341d-0c30-4bc4-98c5-e09a96483692___GCREC_Bact.Sp%205695.JPG,train,image_0614,/content/selected_images/PlantVillage/train/tomato_bacterial_spot/image_0614.jpg,cached
PlantVillage,pepper_healthy,https://raw.githubusercontent.com/spMohanty/PlantVillage-Dataset/master/raw/color/Pepper%2C_bell___healthy/51e49986-3954-472f-8504-a95452b0fc88___JR_HL%207666.JPG,test,image_0615,/content/selected_images/PlantVillage/test/pepper_healthy/image_0615.jpg,cached
PlantDoc,tomato_septoria_leaf_spot,https://raw.githubusercontent.com/pratikkayal/PlantDoc-Dataset/master/test/Tomato%20Septoria%20leaf%20spot/RARZ4.jpg,train,image_0616,/content/selected_images/PlantDoc/train/tomato_septoria_leaf_spot/image_0616.jpg,cached
PlantVillage,tomato_leaf_mould,https://raw.githubusercontent.com/spMohanty/PlantVillage-Dataset/master/raw/color/Tomato___Leaf_Mold/48f87aed-cace-4b4f-bc57-1b6b2a6c1e9b___Crnl_L.Mold%206810.JPG,test,image_0617,/content/selected_images/PlantVillage/test/tomato_leaf_mould/image_0617.jpg,cached
PlantVillage,tomato_septoria_leaf_spot,https://raw.githubusercontent.com/spMohanty/PlantVillage-Dataset/master/raw/color/Tomato___Septoria_leaf_spot/f908f130-1a88-49da-9f6a-0cb7312da739___JR_Sept.L.S%202460.JPG,train,image_0618,/content/selected_images/PlantVillage/train/tomato_septoria_leaf_spot/image_0618.jpg,cached
PlantDoc,tomato_septoria_leaf_spot,https://raw.githubusercontent.com/pratikkayal/PlantDoc-Dataset/master/train/Tomato%20Septoria%20leaf%20spot/septoria%2Bleaf%2Bspota.jpg,train,image_0619,/content/selected_images/PlantDoc/train/tomato_septoria_leaf_spot/image_0619.jpg,cached
PlantDoc,tomato_leaf_mould,https://raw.githubusercontent.com/pratikkayal/PlantDoc-Dataset/master/train/Tomato%20mold%20leaf/leaf_mold_tomato4x1200.jpg,train,image_0620,/content/selected_images/PlantDoc/train/tomato_leaf_mould/image_0620.jpg,cached
PlantDoc,tomato_bacterial_spot,https://raw.githubusercontent.com/pratikkayal/PlantDoc-Dataset/master/train/Tomato%20leaf%20bacterial%20spot/image5_300x300%252523.JPG%3F1472755422.jpg,train,image_0621,/content/selected_images/PlantDoc/train/tomato_bacterial_spot/image_0621.jpg,cached
PlantVillage,tomato_bacterial_spot,https://raw.githubusercontent.com/spMohanty/PlantVillage-Dataset/master/raw/color/Tomato___Bacterial_spot/3a6ccb7a-58bf-49b8-bc01-65eb74c210dd___GCREC_Bact.Sp%203051.JPG,train,image_0622,/content/selected_images/PlantVillage/train/tomato_bacterial_spot/image_0622.jpg,cached
PlantDoc,tomato_septoria_leaf_spot,https://raw.githubusercontent.com/pratikkayal/PlantDoc-Dataset/master/train/Tomato%20Septoria%20leaf%20spot/5516100468998144-600x272.jpeg.jpg,train,image_0623,/content/selected_images/PlantDoc/train/tomato_septoria_leaf_spot/image_0623.jpg,cached
PlantDoc,tomato_late_blight,https://raw.githubusercontent.com/pratikkayal/PlantDoc-Dataset/master/test/Tomato%20leaf%20late%20blight/IMG_5808.jpg,test,image_0624,/content/selected_images/PlantDoc/test/tomato_late_blight/image_0624.jpg,cached
PlantDoc,pepper_healthy,https://raw.githubusercontent.com/pratikkayal/PlantDoc-Dataset/master/train/Bell_pepper%20leaf/IMG_2855-1.jpg,train,image_0625,/content/selected_images/PlantDoc/train/pepper_healthy/image_0625.jpg,cached
PlantDoc,tomato_septoria_leaf_spot,https://raw.githubusercontent.com/pratikkayal/PlantDoc-Dataset/master/train/Tomato%20Septoria%20leaf%20spot/1b.jpg,test,image_0626,/content/selected_images/PlantDoc/test/tomato_septoria_leaf_spot/image_0626.jpg,cached
PlantDoc,tomato_late_blight,https://raw.githubusercontent.com/pratikkayal/PlantDoc-Dataset/master/train/Tomato%20leaf%20late%20blight/tomato_late-blight_01_zoom.jpg,test,image_0627,/content/selected_images/PlantDoc/test/tomato_late_blight/image_0627.jpg,cached
PlantDoc,pepper_leaf_spot,https://raw.githubusercontent.com/pratikkayal/PlantDoc-Dataset/master/train/Bell_pepper%20leaf%20spot/Habanero1.jpg,train,image_0628,/content/selected_images/PlantDoc/train/pepper_leaf_spot/image_0628.jpg,cached
PlantDoc,tomato_septoria_leaf_spot,https://raw.githubusercontent.com/pratikkayal/PlantDoc-Dataset/master/train/Tomato%20Septoria%20leaf%20spot/caf212ccf4696675469a0beaa9e57213.jpg,test,image_0629,/content/selected_images/PlantDoc/test/tomato_septoria_leaf_spot/image_0629.jpg,cached
PlantVillage,tomato_healthy,https://raw.githubusercontent.com/spMohanty/PlantVillage-Dataset/master/raw/color/Tomato___healthy/4ff86e18-434e-4d1d-819c-c40c908e064a___RS_HL%200273.JPG,train,image_0630,/content/selected_images/PlantVillage/train/tomato_healthy/image_0630.jpg,cached
PlantDoc,tomato_bacterial_spot,https://raw.githubusercontent.com/pratikkayal/PlantDoc-Dataset/master/train/Tomato%20leaf%20bacterial%20spot/30290.jpg,test,image_0631,/content/selected_images/PlantDoc/test/tomato_bacterial_spot/image_0631.jpg,cached
PlantVillage,tomato_healthy,https://raw.githubusercontent.com/spMohanty/PlantVillage-Dataset/master/raw/color/Tomato___healthy/33232143-89a5-4226-b667-9f2a6b17ca5b___RS_HL%209918.JPG,train,image_0632,/content/selected_images/PlantVillage/train/tomato_healthy/image_0632.jpg,cached
PlantDoc,tomato_healthy,https://raw.githubusercontent.com/pratikkayal/PlantDoc-Dataset/master/train/Tomato%20leaf/img_6635.jpg,train,image_0633,/content/selected_images/PlantDoc/train/tomato_healthy/image_0633.jpg,cached
PlantDoc,tomato_bacterial_spot,https://raw.githubusercontent.com/pratikkayal/PlantDoc-Dataset/master/train/Tomato%20leaf%20bacterial%20spot/Bacterial-spot-on-tomato-leaves.jpg,train,image_0634,/content/selected_images/PlantDoc/train/tomato_bacterial_spot/image_0634.jpg,cached
PlantDoc,tomato_early_blight,https://raw.githubusercontent.com/pratikkayal/PlantDoc-Dataset/master/train/Tomato%20Early%20blight%20leaf/tomato_early-blight_03_zoom.jpg,test,image_0635,/content/selected_images/PlantDoc/test/tomato_early_blight/image_0635.jpg,cached
PlantVillage,pepper_leaf_spot,https://raw.githubusercontent.com/spMohanty/PlantVillage-Dataset/master/raw/color/Pepper%2C_bell___Bacterial_spot/d22776e6-5234-4c6b-a196-a04b281c3808___JR_B.Spot%203351.JPG,test,image_0636,/content/selected_images/PlantVillage/test/pepper_leaf_spot/image_0636.jpg,cached
PlantVillage,tomato_bacterial_spot,https://raw.githubusercontent.com/spMohanty/PlantVillage-Dataset/master/raw/color/Tomato___Bacterial_spot/045e9a8d-bed0-4700-8d27-7f8d0735223e___GCREC_Bact.Sp%203848.JPG,train,image_0637,/content/selected_images/PlantVillage/train/tomato_bacterial_spot/image_0637.jpg,cached
PlantDoc,tomato_healthy,https://raw.githubusercontent.com/pratikkayal/PlantDoc-Dataset/master/train/Tomato%20leaf/2013-08-20-03.jpg,test,image_0638,/content/selected_images/PlantDoc/test/tomato_healthy/image_0638.jpg,cached
PlantVillage,pepper_leaf_spot,https://raw.githubusercontent.com/spMohanty/PlantVillage-Dataset/master/raw/color/Pepper%2C_bell___Bacterial_spot/4f539b76-13f8-43ab-a630-0cc6b1461bc9___JR_B.Spot%203381.JPG,train,image_0639,/content/selected_images/PlantVillage/train/pepper_leaf_spot/image_0639.jpg,cached
PlantVillage,tomato_septoria_leaf_spot,https://raw.githubusercontent.com/spMohanty/PlantVillage-Dataset/master/raw/color/Tomato___Septoria_leaf_spot/548506b9-119b-47a9-b5c6-7c13abb7887b___Keller.St_CG%201811.JPG,test,image_0640,/content/selected_images/PlantVillage/test/tomato_septoria_leaf_spot/image_0640.jpg,cached
PlantVillage,tomato_leaf_mould,https://raw.githubusercontent.com/spMohanty/PlantVillage-Dataset/master/raw/color/Tomato___Leaf_Mold/f3ef6606-c66b-4fa0-a542-f09b78b6c3e0___Crnl_L.Mold%209120.JPG,train,image_0641,/content/selected_images/PlantVillage/train/tomato_leaf_mould/image_0641.jpg,cached
PlantDoc,tomato_bacterial_spot,https://raw.githubusercontent.com/pratikkayal/PlantDoc-Dataset/master/train/Tomato%20leaf%20bacterial%20spot/bacterial-canker3x2400-2ia1kgd.jpg,train,image_0642,/content/selected_images/PlantDoc/train/tomato_bacterial_spot/image_0642.jpg,cached
PlantDoc,pepper_leaf_spot,https://raw.githubusercontent.com/pratikkayal/PlantDoc-Dataset/master/train/Bell_pepper%20leaf%20spot/bacterial-leaf-spot-on-peppers.jpg,train,image_0643,/content/selected_images/PlantDoc/train/pepper_leaf_spot/image_0643.jpg,cached
PlantDoc,tomato_septoria_leaf_spot,https://raw.githubusercontent.com/pratikkayal/PlantDoc-Dataset/master/test/Tomato%20Septoria%20leaf%20spot/6134794031202304.jpeg.jpg,train,image_0644,/content/selected_images/PlantDoc/train/tomato_septoria_leaf_spot/image_0644.jpg,cached
PlantVillage,pepper_leaf_spot,https://raw.githubusercontent.com/spMohanty/PlantVillage-Dataset/master/raw/color/Pepper%2C_bell___Bacterial_spot/94b1fbe4-4a9d-4237-a6ca-41a6db87d654___JR_B.Spot%203242.JPG,train,image_0645,/content/selected_images/PlantVillage/train/pepper_leaf_spot/image_0645.jpg,cached
PlantVillage,pepper_healthy,https://raw.githubusercontent.com/spMohanty/PlantVillage-Dataset/master/raw/color/Pepper%2C_bell___healthy/6bd5ef2c-da52-4962-b933-528eaa9afa6c___JR_HL%207757.JPG,train,image_0646,/content/selected_images/PlantVillage/train/pepper_healthy/image_0646.jpg,cached
PlantVillage,tomato_healthy,https://raw.githubusercontent.com/spMohanty/PlantVillage-Dataset/master/raw/color/Tomato___healthy/cc69ca79-bef9-449b-892f-b1e76310aa60___RS_HL%209868.JPG,train,image_0647,/content/selected_images/PlantVillage/train/tomato_healthy/image_0647.jpg,cached
PlantVillage,tomato_leaf_mould,https://raw.githubusercontent.com/spMohanty/PlantVillage-Dataset/master/raw/color/Tomato___Leaf_Mold/80b652e5-7f1f-4806-8d9d-550ce54891ce___Crnl_L.Mold%207090.JPG,test,image_0648,/content/selected_images/PlantVillage/test/tomato_leaf_mould/image_0648.jpg,cached
PlantDoc,tomato_septoria_leaf_spot,https://raw.githubusercontent.com/pratikkayal/PlantDoc-Dataset/master/train/Tomato%20Septoria%20leaf%20spot/SeptoriaTomato-B.jpg,train,image_0649,/content/selected_images/PlantDoc/train/tomato_septoria_leaf_spot/image_0649.jpg,cached
PlantVillage,tomato_bacterial_spot,https://raw.githubusercontent.com/spMohanty/PlantVillage-Dataset/master/raw/color/Tomato___Bacterial_spot/54f6ee80-e418-4320-b8bc-789e702c4b14___GCREC_Bact.Sp%206328.JPG,test,image_0650,/content/selected_images/PlantVillage/test/tomato_bacterial_spot/image_0650.jpg,cached
PlantDoc,tomato_late_blight,https://raw.githubusercontent.com/pratikkayal/PlantDoc-Dataset/master/train/Tomato%20leaf%20late%20blight/late_blight_tomato_leaf5x12001-650x305.jpg,train,image_0651,/content/selected_images/PlantDoc/train/tomato_late_blight/image_0651.jpg,cached
PlantDoc,tomato_leaf_mould,https://raw.githubusercontent.com/pratikkayal/PlantDoc-Dataset/master/train/Tomato%20mold%20leaf/leafmoldtomato2.jpg,train,image_0652,/content/selected_images/PlantDoc/train/tomato_leaf_mould/image_0652.jpg,cached
PlantVillage,pepper_healthy,https://raw.githubusercontent.com/spMohanty/PlantVillage-Dataset/master/raw/color/Pepper%2C_bell___healthy/f170473e-77b2-4b80-94bf-9479622bac75___JR_HL%208381.JPG,train,image_0653,/content/selected_images/PlantVillage/train/pepper_healthy/image_0653.jpg,cached
PlantDoc,tomato_late_blight,https://raw.githubusercontent.com/pratikkayal/PlantDoc-Dataset/master/train/Tomato%20leaf%20late%20blight/late_blight_tomato_transplant2x1200.jpg,test,image_0654,/content/selected_images/PlantDoc/test/tomato_late_blight/image_0654.jpg,cached
PlantVillage,pepper_healthy,https://raw.githubusercontent.com/spMohanty/PlantVillage-Dataset/master/raw/color/Pepper%2C_bell___healthy/3a66348b-a6b7-42ee-9411-9575a4240c6f___JR_HL%208627.JPG,train,image_0655,/content/selected_images/PlantVillage/train/pepper_healthy/image_0655.jpg,cached
PlantVillage,tomato_septoria_leaf_spot,https://raw.githubusercontent.com/spMohanty/PlantVillage-Dataset/master/raw/color/Tomato___Septoria_leaf_spot/2aeb1e96-7755-4378-b423-2f2116e56db6___JR_Sept.L.S%202570.JPG,test,image_0656,/content/selected_images/PlantVillage/test/tomato_septoria_leaf_spot/image_0656.jpg,cached
PlantDoc,tomato_healthy,https://raw.githubusercontent.com/pratikkayal/PlantDoc-Dataset/master/test/Tomato%20leaf/Tomato_leaf.jpg,train,image_0657,/content/selected_images/PlantDoc/train/tomato_healthy/image_0657.jpg,cached
PlantVillage,tomato_early_blight,https://raw.githubusercontent.com/spMohanty/PlantVillage-Dataset/master/raw/color/Tomato___Early_blight/757b49d0-db8e-4352-820a-9f0bdb7d2657___RS_Erly.B%207748.JPG,train,image_0658,/content/selected_images/PlantVillage/train/tomato_early_blight/image_0658.jpg,cached
PlantVillage,tomato_late_blight,https://raw.githubusercontent.com/spMohanty/PlantVillage-Dataset/master/raw/color/Tomato___Late_blight/0ccaeb36-37ff-4328-91c8-99aabd68f442___RS_Late.B%206596.JPG,train,image_0659,/content/selected_images/PlantVillage/train/tomato_late_blight/image_0659.jpg,cached
PlantDoc,tomato_bacterial_spot,https://raw.githubusercontent.com/pratikkayal/PlantDoc-Dataset/master/train/Tomato%20leaf%20bacterial%20spot/Leaf%252Bsymptoms%252BMDA.jpg,train,image_0660,/content/selected_images/PlantDoc/train/tomato_bacterial_spot/image_0660.jpg,cached
PlantDoc,pepper_leaf_spot,https://raw.githubusercontent.com/pratikkayal/PlantDoc-Dataset/master/test/Bell_pepper%20leaf%20spot/H5w92.jpg,train,image_0661,/content/selected_images/PlantDoc/train/pepper_leaf_spot/image_0661.jpg,cached
PlantDoc,tomato_healthy,https://raw.githubusercontent.com/pratikkayal/PlantDoc-Dataset/master/train/Tomato%20leaf/mortgage-lifter-yellow-leaves-2.jpg,train,image_0662,/content/selected_images/PlantDoc/train/tomato_healthy/image_0662.jpg,cached
PlantDoc,tomato_bacterial_spot,https://raw.githubusercontent.com/pratikkayal/PlantDoc-Dataset/master/train/Tomato%20leaf%20bacterial%20spot/Bacterial-Leaf-Spot-2.jpg,test,image_0663,/content/selected_images/PlantDoc/test/tomato_bacterial_spot/image_0663.jpg,cached
PlantDoc,tomato_bacterial_spot,https://raw.githubusercontent.com/pratikkayal/PlantDoc-Dataset/master/train/Tomato%20leaf%20bacterial%20spot/3182.jpg,train,image_0664,/content/selected_images/PlantDoc/train/tomato_bacterial_spot/image_0664.jpg,cached
PlantVillage,tomato_early_blight,https://raw.githubusercontent.com/spMohanty/PlantVillage-Dataset/master/raw/color/Tomato___Early_blight/62394305-3fca-4782-ad4a-b5670fcfac61___RS_Erly.B%207395.JPG,train,image_0665,/content/selected_images/PlantVillage/train/tomato_early_blight/image_0665.jpg,cached
PlantDoc,tomato_healthy,https://raw.githubusercontent.com/pratikkayal/PlantDoc-Dataset/master/train/Tomato%20leaf/tomato-leaf-close-up.jpg,train,image_0666,/content/selected_images/PlantDoc/train/tomato_healthy/image_0666.jpg,cached
PlantVillage,tomato_early_blight,https://raw.githubusercontent.com/spMohanty/PlantVillage-Dataset/master/raw/color/Tomato___Early_blight/7b085d56-6867-4946-8208-5823afeba034___RS_Erly.B%207384.JPG,train,image_0667,/content/selected_images/PlantVillage/train/tomato_early_blight/image_0667.jpg,cached
PlantVillage,tomato_leaf_mould,https://raw.githubusercontent.com/spMohanty/PlantVillage-Dataset/master/raw/color/Tomato___Leaf_Mold/df78e8cb-8fc5-4682-ab5c-f265b4e8d97e___Crnl_L.Mold%208619.JPG,train,image_0668,/content/selected_images/PlantVillage/train/tomato_leaf_mould/image_0668.jpg,cached
PlantVillage,tomato_healthy,https://raw.githubusercontent.com/spMohanty/PlantVillage-Dataset/master/raw/color/Tomato___healthy/316e62fa-d8a8-4451-80a8-a546c8c43511___RS_HL%209633.JPG,train,image_0669,/content/selected_images/PlantVillage/train/tomato_healthy/image_0669.jpg,cached
PlantDoc,tomato_early_blight,https://raw.githubusercontent.com/pratikkayal/PlantDoc-Dataset/master/train/Tomato%20Early%20blight%20leaf/p1020084s.jpg,train,image_0670,/content/selected_images/PlantDoc/train/tomato_early_blight/image_0670.jpg,cached
PlantDoc,tomato_healthy,https://raw.githubusercontent.com/pratikkayal/PlantDoc-Dataset/master/train/Tomato%20leaf/20130609_151253_zpsc7d93f62.jpg,train,image_0671,/content/selected_images/PlantDoc/train/tomato_healthy/image_0671.jpg,cached
PlantDoc,tomato_leaf_mould,https://raw.githubusercontent.com/pratikkayal/PlantDoc-Dataset/master/train/Tomato%20mold%20leaf/5830204360_757cd7fdfc_z.jpg,train,image_0672,/content/selected_images/PlantDoc/train/tomato_leaf_mould/image_0672.jpg,cached
PlantDoc,pepper_leaf_spot,https://raw.githubusercontent.com/pratikkayal/PlantDoc-Dataset/master/train/Bell_pepper%20leaf%20spot/TCSV_Pepper%2520%25285%2529.jpg,test,image_0673,/content/selected_images/PlantDoc/test/pepper_leaf_spot/image_0673.jpg,cached
PlantDoc,tomato_early_blight,https://raw.githubusercontent.com/pratikkayal/PlantDoc-Dataset/master/train/Tomato%20Early%20blight%20leaf/tomato_q1hq-early-blight-5052_zoom.jpg,train,image_0674,/content/selected_images/PlantDoc/train/tomato_early_blight/image_0674.jpg,cached
PlantDoc,pepper_healthy,https://raw.githubusercontent.com/pratikkayal/PlantDoc-Dataset/master/train/Bell_pepper%20leaf/xKh6iInh.jpg,train,image_0675,/content/selected_images/PlantDoc/train/pepper_healthy/image_0675.jpg,cached
PlantVillage,tomato_healthy,https://raw.githubusercontent.com/spMohanty/PlantVillage-Dataset/master/raw/color/Tomato___healthy/f7d044c0-6900-4624-9c20-fa27aa0911ff___GH_HL%20Leaf%20275.JPG,train,image_0676,/content/selected_images/PlantVillage/train/tomato_healthy/image_0676.jpg,cached
PlantVillage,tomato_healthy,https://raw.githubusercontent.com/spMohanty/PlantVillage-Dataset/master/raw/color/Tomato___healthy/1d46ec32-bf0a-4d44-a149-c6fc12920d57___RS_HL%200060.JPG,train,image_0677,/content/selected_images/PlantVillage/train/tomato_healthy/image_0677.jpg,cached
PlantDoc,tomato_late_blight,https://raw.githubusercontent.com/pratikkayal/PlantDoc-Dataset/master/train/Tomato%20leaf%20late%20blight/Tomato%2520late%2520blight%2520lesion%2520closeup%252013F.JPG.jpg,train,image_0678,/content/selected_images/PlantDoc/train/tomato_late_blight/image_0678.jpg,cached
PlantDoc,tomato_leaf_mould,https://raw.githubusercontent.com/pratikkayal/PlantDoc-Dataset/master/train/Tomato%20mold%20leaf/tomato_fulvia2.jpg,test,image_0679,/content/selected_images/PlantDoc/test/tomato_leaf_mould/image_0679.jpg,cached
PlantDoc,tomato_bacterial_spot,https://raw.githubusercontent.com/pratikkayal/PlantDoc-Dataset/master/train/Tomato%20leaf%20bacterial%20spot/tomato-plant-leaves-brown-spots-tomato-leaves-older-ones-with-spots.jpg,train,image_0680,/content/selected_images/PlantDoc/train/tomato_bacterial_spot/image_0680.jpg,cached
PlantDoc,tomato_healthy,https://raw.githubusercontent.com/pratikkayal/PlantDoc-Dataset/master/train/Tomato%20leaf/009-e1373768789869.jpg,train,image_0681,/content/selected_images/PlantDoc/train/tomato_healthy/image_0681.jpg,cached
PlantVillage,tomato_late_blight,https://raw.githubusercontent.com/spMohanty/PlantVillage-Dataset/master/raw/color/Tomato___Late_blight/a5278b93-6815-488a-b359-27edb3ff7220___RS_Late.B%205381.JPG,test,image_0682,/content/selected_images/PlantVillage/test/tomato_late_blight/image_0682.jpg,cached
PlantVillage,tomato_septoria_leaf_spot,https://raw.githubusercontent.com/spMohanty/PlantVillage-Dataset/master/raw/color/Tomato___Septoria_leaf_spot/2567c820-aa63-490c-8e47-921b85164728___Matt.S_CG%207447.JPG,train,image_0683,/content/selected_images/PlantVillage/train/tomato_septoria_leaf_spot/image_0683.jpg,cached
PlantVillage,tomato_late_blight,https://raw.githubusercontent.com/spMohanty/PlantVillage-Dataset/master/raw/color/Tomato___Late_blight/3a7b4305-431f-431b-809f-79ae28306b41___GHLB2%20Leaf%208965.JPG,train,image_0684,/content/selected_images/PlantVillage/train/tomato_late_blight/image_0684.jpg,cached
PlantVillage,tomato_bacterial_spot,https://raw.githubusercontent.com/spMohanty/PlantVillage-Dataset/master/raw/color/Tomato___Bacterial_spot/67b11dd7-7d7e-4214-85c4-e7675539251d___GCREC_Bact.Sp%203728.JPG,train,image_0685,/content/selected_images/PlantVillage/train/tomato_bacterial_spot/image_0685.jpg,cached
PlantVillage,tomato_healthy,https://raw.githubusercontent.com/spMohanty/PlantVillage-Dataset/master/raw/color/Tomato___healthy/d5ccbb2a-258c-4963-bdd6-d7eb22f351a5___RS_HL%209946.JPG,train,image_0686,/content/selected_images/PlantVillage/train/tomato_healthy/image_0686.jpg,cached
PlantDoc,tomato_late_blight,https://raw.githubusercontent.com/pratikkayal/PlantDoc-Dataset/master/train/Tomato%20leaf%20late%20blight/lateblightTom_lesion.jpg,test,image_0687,/content/selected_images/PlantDoc/test/tomato_late_blight/image_0687.jpg,cached
PlantDoc,tomato_healthy,https://raw.githubusercontent.com/pratikkayal/PlantDoc-Dataset/master/train/Tomato%20leaf/tomato-leaf-isolated-white-34309524.jpg,train,image_0688,/content/selected_images/PlantDoc/train/tomato_healthy/image_0688.jpg,cached
PlantVillage,tomato_healthy,https://raw.githubusercontent.com/spMohanty/PlantVillage-Dataset/master/raw/color/Tomato___healthy/2c22b17b-e914-453a-a379-15b29fe294b0___RS_HL%209720.JPG,train,image_0689,/content/selected_images/PlantVillage/train/tomato_healthy/image_0689.jpg,cached
PlantDoc,tomato_septoria_leaf_spot,https://raw.githubusercontent.com/pratikkayal/PlantDoc-Dataset/master/train/Tomato%20Septoria%20leaf%20spot/5579e3247db73.image.jpg,train,image_0690,/content/selected_images/PlantDoc/train/tomato_septoria_leaf_spot/image_0690.jpg,cached
PlantVillage,tomato_bacterial_spot,https://raw.githubusercontent.com/spMohanty/PlantVillage-Dataset/master/raw/color/Tomato___Bacterial_spot/7c0bb91f-4508-4bb1-a3d4-da074429c167___GCREC_Bact.Sp%203167.JPG,train,image_0691,/content/selected_images/PlantVillage/train/tomato_bacterial_spot/image_0691.jpg,cached
PlantDoc,tomato_healthy,https://raw.githubusercontent.com/pratikkayal/PlantDoc-Dataset/master/train/Tomato%20leaf/depositphotos_143371585-stock-photo-tomato-leaf-closeup-isolated-on.jpg,train,image_0692,/content/selected_images/PlantDoc/train/tomato_healthy/image_0692.jpg,cached
PlantVillage,tomato_early_blight,https://raw.githubusercontent.com/spMohanty/PlantVillage-Dataset/master/raw/color/Tomato___Early_blight/f459c3ee-91f9-42e4-8a61-8c2b6ba9a435___RS_Erly.B%209522.JPG,train,image_0693,/content/selected_images/PlantVillage/train/tomato_early_blight/image_0693.jpg,cached
PlantVillage,tomato_early_blight,https://raw.githubusercontent.com/spMohanty/PlantVillage-Dataset/master/raw/color/Tomato___Early_blight/c5ab9d87-f1bf-4fce-8133-c80ac2d52dd5___RS_Erly.B%207849.JPG,test,image_0694,/content/selected_images/PlantVillage/test/tomato_early_blight/image_0694.jpg,cached
PlantVillage,tomato_leaf_mould,https://raw.githubusercontent.com/spMohanty/PlantVillage-Dataset/master/raw/color/Tomato___Leaf_Mold/6e8f1122-d902-408e-a33e-2d5514112e38___Crnl_L.Mold%206944.JPG,train,image_0695,/content/selected_images/PlantVillage/train/tomato_leaf_mould/image_0695.jpg,cached
PlantVillage,tomato_healthy,https://raw.githubusercontent.com/spMohanty/PlantVillage-Dataset/master/raw/color/Tomato___healthy/452703f7-9106-4ed2-8f38-8ece42a32613___RS_HL%200248.JPG,test,image_0696,/content/selected_images/PlantVillage/test/tomato_healthy/image_0696.jpg,cached
PlantVillage,tomato_bacterial_spot,https://raw.githubusercontent.com/spMohanty/PlantVillage-Dataset/master/raw/color/Tomato___Bacterial_spot/faabf678-fe6e-48a5-b864-57f83ac33aa2___GCREC_Bact.Sp%203187.JPG,train,image_0697,/content/selected_images/PlantVillage/train/tomato_bacterial_spot/image_0697.jpg,cached
PlantVillage,tomato_bacterial_spot,https://raw.githubusercontent.com/spMohanty/PlantVillage-Dataset/master/raw/color/Tomato___Bacterial_spot/f14581e5-cc67-403d-a4f3-7f0be31b4899___GCREC_Bact.Sp%203497.JPG,train,image_0698,/content/selected_images/PlantVillage/train/tomato_bacterial_spot/image_0698.jpg,cached
PlantVillage,tomato_septoria_leaf_spot,https://raw.githubusercontent.com/spMohanty/PlantVillage-Dataset/master/raw/color/Tomato___Septoria_leaf_spot/9b3e8e25-fd25-4757-b82f-11196ce2fd62___Keller.St_CG%201856.JPG,train,image_0699,/content/selected_images/PlantVillage/train/tomato_septoria_leaf_spot/image_0699.jpg,cached
PlantVillage,tomato_early_blight,https://raw.githubusercontent.com/spMohanty/PlantVillage-Dataset/master/raw/color/Tomato___Early_blight/18d8f15c-4948-4506-ae09-54169f95cf36___RS_Erly.B%207496.JPG,train,image_0700,/content/selected_images/PlantVillage/train/tomato_early_blight/image_0700.jpg,cached
PlantVillage,tomato_leaf_mould,https://raw.githubusercontent.com/spMohanty/PlantVillage-Dataset/master/raw/color/Tomato___Leaf_Mold/9d63ab4a-2bf7-4965-b96c-5c4c28c844c0___Crnl_L.Mold%208944.JPG,train,image_0701,/content/selected_images/PlantVillage/train/tomato_leaf_mould/image_0701.jpg,cached
PlantDoc,tomato_early_blight,https://raw.githubusercontent.com/pratikkayal/PlantDoc-Dataset/master/train/Tomato%20Early%20blight%20leaf/early-blight-or-target-spot-alternaria-solani-lesions-on-a-tomato-BH3TH0.jpg,train,image_0702,/content/selected_images/PlantDoc/train/tomato_early_blight/image_0702.jpg,cached
PlantDoc,tomato_early_blight,https://raw.githubusercontent.com/pratikkayal/PlantDoc-Dataset/master/test/Tomato%20Early%20blight%20leaf/tomato_early-blight_01_zoom.jpg,train,image_0703,/content/selected_images/PlantDoc/train/tomato_early_blight/image_0703.jpg,cached
PlantDoc,tomato_leaf_mould,https://raw.githubusercontent.com/pratikkayal/PlantDoc-Dataset/master/train/Tomato%20mold%20leaf/HighTunnel_TLM6.jpg,train,image_0704,/content/selected_images/PlantDoc/train/tomato_leaf_mould/image_0704.jpg,cached
PlantVillage,tomato_healthy,https://raw.githubusercontent.com/spMohanty/PlantVillage-Dataset/master/raw/color/Tomato___healthy/534e4d2c-e2cc-4448-9181-95b9af3ff56a___RS_HL%200198.JPG,train,image_0705,/content/selected_images/PlantVillage/train/tomato_healthy/image_0705.jpg,cached
PlantDoc,tomato_healthy,https://raw.githubusercontent.com/pratikkayal/PlantDoc-Dataset/master/train/Tomato%20leaf/fpls-08-01602-g001.jpg,train,image_0706,/content/selected_images/PlantDoc/train/tomato_healthy/image_0706.jpg,cached
PlantVillage,tomato_leaf_mould,https://raw.githubusercontent.com/spMohanty/PlantVillage-Dataset/master/raw/color/Tomato___Leaf_Mold/32245a13-92fe-48bf-85c8-938819a057ee___Crnl_L.Mold%208643.JPG,test,image_0707,/content/selected_images/PlantVillage/test/tomato_leaf_mould/image_0707.jpg,cached
PlantDoc,tomato_early_blight,https://raw.githubusercontent.com/pratikkayal/PlantDoc-Dataset/master/train/Tomato%20Early%20blight%20leaf/Early-blight.jpg,train,image_0708,/content/selected_images/PlantDoc/train/tomato_early_blight/image_0708.jpg,cached
PlantDoc,tomato_early_blight,https://raw.githubusercontent.com/pratikkayal/PlantDoc-Dataset/master/train/Tomato%20Early%20blight%20leaf/early-blight-of-tomato-tomato-1.jpg,test,image_0709,/content/selected_images/PlantDoc/test/tomato_early_blight/image_0709.jpg,cached
PlantDoc,tomato_septoria_leaf_spot,https://raw.githubusercontent.com/pratikkayal/PlantDoc-Dataset/master/train/Tomato%20Septoria%20leaf%20spot/tomato-early-blight-e1437503226856.jpg,train,image_0710,/content/selected_images/PlantDoc/train/tomato_septoria_leaf_spot/image_0710.jpg,cached
PlantVillage,tomato_bacterial_spot,https://raw.githubusercontent.com/spMohanty/PlantVillage-Dataset/master/raw/color/Tomato___Bacterial_spot/805d07e6-2190-4c8a-9267-75b1c0477a04___GCREC_Bact.Sp%203010.JPG,train,image_0711,/content/selected_images/PlantVillage/train/tomato_bacterial_spot/image_0711.jpg,cached
PlantDoc,tomato_healthy,https://raw.githubusercontent.com/pratikkayal/PlantDoc-Dataset/master/train/Tomato%20leaf/stock-photo-tomato-leaf-isolated-on-white-background-580281301.jpg,train,image_0712,/content/selected_images/PlantDoc/train/tomato_healthy/image_0712.jpg,cached
PlantDoc,tomato_leaf_mould,https://raw.githubusercontent.com/pratikkayal/PlantDoc-Dataset/master/train/Tomato%20mold%20leaf/Leaf-mold-web.jpg,train,image_0713,/content/selected_images/PlantDoc/train/tomato_leaf_mould/image_0713.jpg,cached
PlantDoc,tomato_leaf_mould,https://raw.githubusercontent.com/pratikkayal/PlantDoc-Dataset/master/train/Tomato%20mold%20leaf/HighTunnel_TLM5.jpg,train,image_0714,/content/selected_images/PlantDoc/train/tomato_leaf_mould/image_0714.jpg,cached
PlantDoc,tomato_leaf_mould,https://raw.githubusercontent.com/pratikkayal/PlantDoc-Dataset/master/train/Tomato%20mold%20leaf/tylc.jpg,train,image_0715,/content/selected_images/PlantDoc/train/tomato_leaf_mould/image_0715.jpg,cached
PlantDoc,tomato_leaf_mould,https://raw.githubusercontent.com/pratikkayal/PlantDoc-Dataset/master/train/Tomato%20mold%20leaf/gray-mold-on-tomato-leaf.jpg,test,image_0716,/content/selected_images/PlantDoc/test/tomato_leaf_mould/image_0716.jpg,cached
PlantDoc,tomato_healthy,https://raw.githubusercontent.com/pratikkayal/PlantDoc-Dataset/master/train/Tomato%20leaf/17371378-tomato-leaf.jpg,train,image_0717,/content/selected_images/PlantDoc/train/tomato_healthy/image_0717.jpg,cached
PlantDoc,tomato_late_blight,https://raw.githubusercontent.com/pratikkayal/PlantDoc-Dataset/master/train/Tomato%20leaf%20late%20blight/Tomato-late-blight-leaf-Margaret-McGrath-Cornell-Bugwood.jpg,train,image_0718,/content/selected_images/PlantDoc/train/tomato_late_blight/image_0718.jpg,cached
PlantDoc,tomato_late_blight,https://raw.githubusercontent.com/pratikkayal/PlantDoc-Dataset/master/train/Tomato%20leaf%20late%20blight/late_blight_tomato_leaf.jpg,train,image_0719,/content/selected_images/PlantDoc/train/tomato_late_blight/image_0719.jpg,cached
PlantVillage,tomato_leaf_mould,https://raw.githubusercontent.com/spMohanty/PlantVillage-Dataset/master/raw/color/Tomato___Leaf_Mold/87a12625-8af0-43af-9169-4037ba079743___Crnl_L.Mold%209124.JPG,train,image_0720,/content/selected_images/PlantVillage/train/tomato_leaf_mould/image_0720.jpg,cached
PlantDoc,tomato_septoria_leaf_spot,https://raw.githubusercontent.com/pratikkayal/PlantDoc-Dataset/master/train/Tomato%20Septoria%20leaf%20spot/sls1.jpg,train,image_0721,/content/selected_images/PlantDoc/train/tomato_septoria_leaf_spot/image_0721.jpg,cached
PlantDoc,pepper_healthy,https://raw.githubusercontent.com/pratikkayal/PlantDoc-Dataset/master/train/Bell_pepper%20leaf/virus1_600px.jpg,train,image_0722,/content/selected_images/PlantDoc/train/pepper_healthy/image_0722.jpg,cached
PlantVillage,tomato_early_blight,https://raw.githubusercontent.com/spMohanty/PlantVillage-Dataset/master/raw/color/Tomato___Early_blight/1c71757d-d351-4016-b5bb-06a63d0f2e24___RS_Erly.B%206388.JPG,train,image_0723,/content/selected_images/PlantVillage/train/tomato_early_blight/image_0723.jpg,cached
PlantDoc,tomato_late_blight,https://raw.githubusercontent.com/pratikkayal/PlantDoc-Dataset/master/train/Tomato%20leaf%20late%20blight/tomato_D33a-Late-blight-015-OMAFHRT_zoom.jpg,train,image_0724,/content/selected_images/PlantDoc/train/tomato_late_blight/image_0724.jpg,cached
PlantVillage,tomato_septoria_leaf_spot,https://raw.githubusercontent.com/spMohanty/PlantVillage-Dataset/master/raw/color/Tomato___Septoria_leaf_spot/fbae6253-c516-4e47-bb84-9ab675ed5d0e___Matt.S_CG%201419.JPG,train,image_0725,/content/selected_images/PlantVillage/train/tomato_septoria_leaf_spot/image_0725.jpg,cached
PlantDoc,pepper_healthy,https://raw.githubusercontent.com/pratikkayal/PlantDoc-Dataset/master/train/Bell_pepper%20leaf/bb2581.jpg,train,image_0726,/content/selected_images/PlantDoc/train/pepper_healthy/image_0726.jpg,cached
PlantVillage,pepper_leaf_spot,https://raw.githubusercontent.com/spMohanty/PlantVillage-Dataset/master/raw/color/Pepper%2C_bell___Bacterial_spot/4cf90b49-1b89-422e-84ae-2e2fcfc2fa02___JR_B.Spot%203362.JPG,test,image_0727,/content/selected_images/PlantVillage/test/pepper_leaf_spot/image_0727.jpg,cached
PlantDoc,tomato_bacterial_spot,https://raw.githubusercontent.com/pratikkayal/PlantDoc-Dataset/master/train/Tomato%20leaf%20bacterial%20spot/Bacterial%2BSpeck%2B-%2BTomatoes.jpg,train,image_0728,/content/selected_images/PlantDoc/train/tomato_bacterial_spot/image_0728.jpg,cached
PlantVillage,tomato_bacterial_spot,https://raw.githubusercontent.com/spMohanty/PlantVillage-Dataset/master/raw/color/Tomato___Bacterial_spot/a554c4d2-6eb9-438f-ae54-9477b0428ddf___GCREC_Bact.Sp%205570.JPG,train,image_0729,/content/selected_images/PlantVillage/train/tomato_bacterial_spot/image_0729.jpg,cached
PlantDoc,tomato_late_blight,https://raw.githubusercontent.com/pratikkayal/PlantDoc-Dataset/master/train/Tomato%20leaf%20late%20blight/late_blight_tomato_unusual-symptomsx1200.jpg,train,image_0730,/content/selected_images/PlantDoc/train/tomato_late_blight/image_0730.jpg,cached
PlantDoc,tomato_healthy,https://raw.githubusercontent.com/pratikkayal/PlantDoc-Dataset/master/train/Tomato%20leaf/1686.jpg,train,image_0731,/content/selected_images/PlantDoc/train/tomato_healthy/image_0731.jpg,cached
PlantDoc,tomato_bacterial_spot,https://raw.githubusercontent.com/pratikkayal/PlantDoc-Dataset/master/train/Tomato%20leaf%20bacterial%20spot/alter_cank2-150x150.jpg,train,image_0732,/content/selected_images/PlantDoc/train/tomato_bacterial_spot/image_0732.jpg,cached
PlantVillage,tomato_leaf_mould,https://raw.githubusercontent.com/spMohanty/PlantVillage-Dataset/master/raw/color/Tomato___Leaf_Mold/600a933c-9490-4ae7-b7e7-5177992b9bb8___Crnl_L.Mold%208633.JPG,train,image_0733,/content/selected_images/PlantVillage/train/tomato_leaf_mould/image_0733.jpg,cached
PlantDoc,tomato_septoria_leaf_spot,https://raw.githubusercontent.com/pratikkayal/PlantDoc-Dataset/master/train/Tomato%20Septoria%20leaf%20spot/EPP-7625Fig-5-143x300.jpg,test,image_0734,/content/selected_images/PlantDoc/test/tomato_septoria_leaf_spot/image_0734.jpg,cached
PlantDoc,tomato_late_blight,https://raw.githubusercontent.com/pratikkayal/PlantDoc-Dataset/master/train/Tomato%20leaf%20late%20blight/late-blight-TomC2-10.jpg,train,image_0735,/content/selected_images/PlantDoc/train/tomato_late_blight/image_0735.jpg,cached
PlantVillage,tomato_bacterial_spot,https://raw.githubusercontent.com/spMohanty/PlantVillage-Dataset/master/raw/color/Tomato___Bacterial_spot/fd39fa01-b5c6-443d-a5f8-5e6edee2fdf8___GCREC_Bact.Sp%203154.JPG,test,image_0736,/content/selected_images/PlantVillage/test/tomato_bacterial_spot/image_0736.jpg,cached
PlantDoc,tomato_early_blight,https://raw.githubusercontent.com/pratikkayal/PlantDoc-Dataset/master/train/Tomato%20Early%20blight%20leaf/8%2520mistakes%25204.jpg,train,image_0737,/content/selected_images/PlantDoc/train/tomato_early_blight/image_0737.jpg,cached
PlantDoc,tomato_bacterial_spot,https://raw.githubusercontent.com/pratikkayal/PlantDoc-Dataset/master/train/Tomato%20leaf%20bacterial%20spot/bacterialspottomato2.jpg,train,image_0738,/content/selected_images/PlantDoc/train/tomato_bacterial_spot/image_0738.jpg,cached
PlantVillage,tomato_late_blight,https://raw.githubusercontent.com/spMohanty/PlantVillage-Dataset/master/raw/color/Tomato___Late_blight/d69cda61-f13d-4d73-9a4b-ac0e7c386389___GHLB2%20Leaf%2098.JPG,train,image_0739,/content/selected_images/PlantVillage/train/tomato_late_blight/image_0739.jpg,cached
PlantDoc,tomato_healthy,https://raw.githubusercontent.com/pratikkayal/PlantDoc-Dataset/master/train/Tomato%20leaf/depositphotos_120361722-stock-photo-tomato-leaf-closeup.jpg,test,image_0740,/content/selected_images/PlantDoc/test/tomato_healthy/image_0740.jpg,cached
PlantVillage,tomato_leaf_mould,https://raw.githubusercontent.com/spMohanty/PlantVillage-Dataset/master/raw/color/Tomato___Leaf_Mold/b69f0ec4-240b-47ae-8cd7-0a3bec246bf1___Crnl_L.Mold%208722.JPG,train,image_0741,/content/selected_images/PlantVillage/train/tomato_leaf_mould/image_0741.jpg,cached
PlantDoc,tomato_septoria_leaf_spot,https://raw.githubusercontent.com/pratikkayal/PlantDoc-Dataset/master/train/Tomato%20Septoria%20leaf%20spot/5775225744523264-600x272.jpeg.jpg,train,image_0742,/content/selected_images/PlantDoc/train/tomato_septoria_leaf_spot/image_0742.jpg,cached
PlantDoc,tomato_bacterial_spot,https://raw.githubusercontent.com/pratikkayal/PlantDoc-Dataset/master/train/Tomato%20leaf%20bacterial%20spot/RyBx7MH.jpg,train,image_0743,/content/selected_images/PlantDoc/train/tomato_bacterial_spot/image_0743.jpg,cached
PlantVillage,tomato_late_blight,https://raw.githubusercontent.com/spMohanty/PlantVillage-Dataset/master/raw/color/Tomato___Late_blight/9f7dcd60-e691-4c1e-830e-7495f7cc123d___RS_Late.B%206166.JPG,train,image_0744,/content/selected_images/PlantVillage/train/tomato_late_blight/image_0744.jpg,cached
PlantVillage,tomato_early_blight,https://raw.githubusercontent.com/spMohanty/PlantVillage-Dataset/master/raw/color/Tomato___Early_blight/a8e1a7a4-d45d-4072-9c25-6f7685f8f08b___RS_Erly.B%209387.JPG,train,image_0745,/content/selected_images/PlantVillage/train/tomato_early_blight/image_0745.jpg,cached
PlantDoc,tomato_early_blight,https://raw.githubusercontent.com/pratikkayal/PlantDoc-Dataset/master/train/Tomato%20Early%20blight%20leaf/august-11-early-leaf-blight-single-leaf.jpg,train,image_0746,/content/selected_images/PlantDoc/train/tomato_early_blight/image_0746.jpg,cached
PlantDoc,tomato_healthy,https://raw.githubusercontent.com/pratikkayal/PlantDoc-Dataset/master/train/Tomato%20leaf/tomato-leaves-9025906.jpg,train,image_0747,/content/selected_images/PlantDoc/train/tomato_healthy/image_0747.jpg,cached
PlantDoc,tomato_healthy,https://raw.githubusercontent.com/pratikkayal/PlantDoc-Dataset/master/test/Tomato%20leaf/main-qimg-d9c2a93f60568485c989670d9bbf703b.jpg,train,image_0748,/content/selected_images/PlantDoc/train/tomato_healthy/image_0748.jpg,cached
PlantVillage,tomato_early_blight,https://raw.githubusercontent.com/spMohanty/PlantVillage-Dataset/master/raw/color/Tomato___Early_blight/d452210c-ee07-4a6e-a0e0-15676dafacb1___RS_Erly.B%207419.JPG,train,image_0749,/content/selected_images/PlantVillage/train/tomato_early_blight/image_0749.jpg,cached
PlantVillage,tomato_leaf_mould,https://raw.githubusercontent.com/spMohanty/PlantVillage-Dataset/master/raw/color/Tomato___Leaf_Mold/755296b4-fa21-4ec5-b912-bd85b2897a01___Crnl_L.Mold%208630.JPG,train,image_0750,/content/selected_images/PlantVillage/train/tomato_leaf_mould/image_0750.jpg,cached
PlantVillage,tomato_leaf_mould,https://raw.githubusercontent.com/spMohanty/PlantVillage-Dataset/master/raw/color/Tomato___Leaf_Mold/156f079b-411f-41db-8023-fa934de343f9___Crnl_L.Mold%207039.JPG,test,image_0751,/content/selected_images/PlantVillage/test/tomato_leaf_mould/image_0751.jpg,cached
PlantVillage,tomato_bacterial_spot,https://raw.githubusercontent.com/spMohanty/PlantVillage-Dataset/master/raw/color/Tomato___Bacterial_spot/771d095e-7965-45ff-8242-60220da372e7___GCREC_Bact.Sp%203777.JPG,train,image_0752,/content/selected_images/PlantVillage/train/tomato_bacterial_spot/image_0752.jpg,cached
PlantDoc,tomato_septoria_leaf_spot,https://raw.githubusercontent.com/pratikkayal/PlantDoc-Dataset/master/train/Tomato%20Septoria%20leaf%20spot/bd0b83af4c5e4b739ccc6c36fa66f141.jpg,test,image_0753,/content/selected_images/PlantDoc/test/tomato_septoria_leaf_spot/image_0753.jpg,cached
PlantDoc,tomato_late_blight,https://raw.githubusercontent.com/pratikkayal/PlantDoc-Dataset/master/train/Tomato%20leaf%20late%20blight/LateBlight-Leaflet-Large-Spot_9005-ROTATED-sbzntn.jpg,test,image_0754,/content/selected_images/PlantDoc/test/tomato_late_blight/image_0754.jpg,cached
PlantVillage,tomato_septoria_leaf_spot,https://raw.githubusercontent.com/spMohanty/PlantVillage-Dataset/master/raw/color/Tomato___Septoria_leaf_spot/a9fdfa3e-cde5-4dc8-a7a2-7484f223c250___JR_Sept.L.S%202575.JPG,train,image_0755,/content/selected_images/PlantVillage/train/tomato_septoria_leaf_spot/image_0755.jpg,cached
PlantVillage,tomato_late_blight,https://raw.githubusercontent.com/spMohanty/PlantVillage-Dataset/master/raw/color/Tomato___Late_blight/0fd882fa-471d-4bcc-ab2b-efdfaf904bc3___GHLB2%20Leaf%208915.JPG,train,image_0756,/content/selected_images/PlantVillage/train/tomato_late_blight/image_0756.jpg,cached
PlantDoc,pepper_healthy,https://raw.githubusercontent.com/pratikkayal/PlantDoc-Dataset/master/test/Bell_pepper%20leaf/IMG_1629.JPG%3F1507122477.jpg,train,image_0757,/content/selected_images/PlantDoc/train/pepper_healthy/image_0757.jpg,cached
PlantDoc,tomato_healthy,https://raw.githubusercontent.com/pratikkayal/PlantDoc-Dataset/master/train/Tomato%20leaf/Leaves-of-Tomato.jpg,train,image_0758,/content/selected_images/PlantDoc/train/tomato_healthy/image_0758.jpg,cached
PlantDoc,tomato_septoria_leaf_spot,https://raw.githubusercontent.com/pratikkayal/PlantDoc-Dataset/master/train/Tomato%20Septoria%20leaf%20spot/Sept9-300x225.jpg,test,image_0759,/content/selected_images/PlantDoc/test/tomato_septoria_leaf_spot/image_0759.jpg,cached
PlantDoc,tomato_leaf_mould,https://raw.githubusercontent.com/pratikkayal/PlantDoc-Dataset/master/train/Tomato%20mold%20leaf/image233.jpg,train,image_0760,/content/selected_images/PlantDoc/train/tomato_leaf_mould/image_0760.jpg,cached
PlantDoc,tomato_leaf_mould,https://raw.githubusercontent.com/pratikkayal/PlantDoc-Dataset/master/train/Tomato%20mold%20leaf/tdisease7.jpg,train,image_0761,/content/selected_images/PlantDoc/train/tomato_leaf_mould/image_0761.jpg,cached
PlantDoc,tomato_healthy,https://raw.githubusercontent.com/pratikkayal/PlantDoc-Dataset/master/train/Tomato%20leaf/15481477375.jpg,train,image_0762,/content/selected_images/PlantDoc/train/tomato_healthy/image_0762.jpg,cached
PlantDoc,tomato_late_blight,https://raw.githubusercontent.com/pratikkayal/PlantDoc-Dataset/master/train/Tomato%20leaf%20late%20blight/gardening-moisture-lateblight-tomato-leaf.jpg,train,image_0763,/content/selected_images/PlantDoc/train/tomato_late_blight/image_0763.jpg,cached
PlantDoc,tomato_healthy,https://raw.githubusercontent.com/pratikkayal/PlantDoc-Dataset/master/train/Tomato%20leaf/russian-2-319-dt-2010-leaves-high-tunnel-9-29-2014-c.jpg,train,image_0764,/content/selected_images/PlantDoc/train/tomato_healthy/image_0764.jpg,cached
PlantDoc,tomato_late_blight,https://raw.githubusercontent.com/pratikkayal/PlantDoc-Dataset/master/train/Tomato%20leaf%20late%20blight/tomato-late-blight-phytophthora-infestans-mycelium-and-lesions-on-a15yr2.jpg,test,image_0765,/content/selected_images/PlantDoc/test/tomato_late_blight/image_0765.jpg,cached
PlantDoc,pepper_leaf_spot,https://raw.githubusercontent.com/pratikkayal/PlantDoc-Dataset/master/train/Bell_pepper%20leaf%20spot/TCSV_Pepper%2520%25286%2529.jpg,train,image_0766,/content/selected_images/PlantDoc/train/pepper_leaf_spot/image_0766.jpg,cached
PlantDoc,tomato_septoria_leaf_spot,https://raw.githubusercontent.com/pratikkayal/PlantDoc-Dataset/master/train/Tomato%20Septoria%20leaf%20spot/3893.jpg,train,image_0767,/content/selected_images/PlantDoc/train/tomato_septoria_leaf_spot/image_0767.jpg,cached
PlantDoc,pepper_leaf_spot,https://raw.githubusercontent.com/pratikkayal/PlantDoc-Dataset/master/test/Bell_pepper%20leaf%20spot/bacterial_leaf_spot_pepper_l.jpg,train,image_0768,/content/selected_images/PlantDoc/train/pepper_leaf_spot/image_0768.jpg,cached
PlantVillage,pepper_leaf_spot,https://raw.githubusercontent.com/spMohanty/PlantVillage-Dataset/master/raw/color/Pepper%2C_bell___Bacterial_spot/b27e9697-adcc-41bb-becb-7bc34bbf3cee___JR_B.Spot%203264.JPG,train,image_0769,/content/selected_images/PlantVillage/train/pepper_leaf_spot/image_0769.jpg,cached
PlantVillage,tomato_early_blight,https://raw.githubusercontent.com/spMohanty/PlantVillage-Dataset/master/raw/color/Tomato___Early_blight/7763d482-8290-46f4-83aa-edb87ae15297___RS_Erly.B%207766.JPG,train,image_0770,/content/selected_images/PlantVillage/train/tomato_early_blight/image_0770.jpg,cached
PlantDoc,tomato_bacterial_spot,https://raw.githubusercontent.com/pratikkayal/PlantDoc-Dataset/master/train/Tomato%20leaf%20bacterial%20spot/LyraEDISServlet.jpg,test,image_0771,/content/selected_images/PlantDoc/test/tomato_bacterial_spot/image_0771.jpg,cached
PlantVillage,tomato_healthy,https://raw.githubusercontent.com/spMohanty/PlantVillage-Dataset/master/raw/color/Tomato___healthy/c2f44d15-cc56-44eb-afce-b53e919becb9___GH_HL%20Leaf%20398.JPG,train,image_0772,/content/selected_images/PlantVillage/train/tomato_healthy/image_0772.jpg,cached
PlantDoc,pepper_healthy,https://raw.githubusercontent.com/pratikkayal/PlantDoc-Dataset/master/train/Bell_pepper%20leaf/zT5la.jpg,test,image_0773,/content/selected_images/PlantDoc/test/pepper_healthy/image_0773.jpg,cached
PlantVillage,pepper_healthy,https://raw.githubusercontent.com/spMohanty/PlantVillage-Dataset/master/raw/color/Pepper%2C_bell___healthy/7cf9831d-709b-4283-9ac1-70e601d5d740___JR_HL%207742.JPG,train,image_0774,/content/selected_images/PlantVillage/train/pepper_healthy/image_0774.jpg,cached
PlantDoc,pepper_leaf_spot,https://raw.githubusercontent.com/pratikkayal/PlantDoc-Dataset/master/train/Bell_pepper%20leaf%20spot/bacterialCanker08-129kre6-on-pepper-50-QUALITY-1tzxf2r.jpg,test,image_0775,/content/selected_images/PlantDoc/test/pepper_leaf_spot/image_0775.jpg,cached
PlantVillage,tomato_healthy,https://raw.githubusercontent.com/spMohanty/PlantVillage-Dataset/master/raw/color/Tomato___healthy/541d6033-1cc7-4c86-a37b-423bc08d25a7___RS_HL%209973.JPG,train,image_0776,/content/selected_images/PlantVillage/train/tomato_healthy/image_0776.jpg,cached
PlantDoc,tomato_healthy,https://raw.githubusercontent.com/pratikkayal/PlantDoc-Dataset/master/train/Tomato%20leaf/Basil%252Binfected%252Bby%252BTomato%252BSpotted%252BWilt%252BVirus.jpg,train,image_0777,/content/selected_images/PlantDoc/train/tomato_healthy/image_0777.jpg,cached
PlantDoc,tomato_leaf_mould,https://raw.githubusercontent.com/pratikkayal/PlantDoc-Dataset/master/train/Tomato%20mold%20leaf/Fig.%252016_opt.jpg,test,image_0778,/content/selected_images/PlantDoc/test/tomato_leaf_mould/image_0778.jpg,cached
PlantDoc,tomato_leaf_mould,https://raw.githubusercontent.com/pratikkayal/PlantDoc-Dataset/master/train/Tomato%20mold%20leaf/P1020365.jpg,train,image_0779,/content/selected_images/PlantDoc/train/tomato_leaf_mould/image_0779.jpg,cached
PlantDoc,tomato_septoria_leaf_spot,https://raw.githubusercontent.com/pratikkayal/PlantDoc-Dataset/master/train/Tomato%20Septoria%20leaf%20spot/28018723549_3a16c1467b_b.jpg,train,image_0780,/content/selected_images/PlantDoc/train/tomato_septoria_leaf_spot/image_0780.jpg,cached
PlantDoc,tomato_septoria_leaf_spot,https://raw.githubusercontent.com/pratikkayal/PlantDoc-Dataset/master/test/Tomato%20Septoria%20leaf%20spot/636227737977191231-septoria-leaf-spot-VT.jpg,train,image_0781,/content/selected_images/PlantDoc/train/tomato_septoria_leaf_spot/image_0781.jpg,cached
PlantDoc,tomato_early_blight,https://raw.githubusercontent.com/pratikkayal/PlantDoc-Dataset/master/train/Tomato%20Early%20blight%20leaf/early%2520blight%2520%25284%2529.jpg%3Fitok%3DgfK5C193.jpg,train,image_0782,/content/selected_images/PlantDoc/train/tomato_early_blight/image_0782.jpg,cached
PlantVillage,pepper_leaf_spot,https://raw.githubusercontent.com/spMohanty/PlantVillage-Dataset/master/raw/color/Pepper%2C_bell___Bacterial_spot/5f1731b8-21ee-43d8-a019-8591428f4e3e___JR_B.Spot%209003.JPG,train,image_0783,/content/selected_images/PlantVillage/train/pepper_leaf_spot/image_0783.jpg,cached
PlantDoc,pepper_leaf_spot,https://raw.githubusercontent.com/pratikkayal/PlantDoc-Dataset/master/train/Bell_pepper%20leaf%20spot/image_original.jpeg%3F1472603886.jpg,train,image_0784,/content/selected_images/PlantDoc/train/pepper_leaf_spot/image_0784.jpg,cached
PlantVillage,tomato_early_blight,https://raw.githubusercontent.com/spMohanty/PlantVillage-Dataset/master/raw/color/Tomato___Early_blight/3a5a5775-fd2c-43ea-ad6b-ce2e50b36dcf___RS_Erly.B%206469.JPG,train,image_0785,/content/selected_images/PlantVillage/train/tomato_early_blight/image_0785.jpg,cached
PlantDoc,tomato_early_blight,https://raw.githubusercontent.com/pratikkayal/PlantDoc-Dataset/master/train/Tomato%20Early%20blight%20leaf/20020531-early%2520blight%2520%2520starts%2520on%2520lower%2520leaves.jpg,train,image_0786,/content/selected_images/PlantDoc/train/tomato_early_blight/image_0786.jpg,cached
PlantDoc,pepper_leaf_spot,https://raw.githubusercontent.com/pratikkayal/PlantDoc-Dataset/master/train/Bell_pepper%20leaf%20spot/bJrFf.jpg,train,image_0787,/content/selected_images/PlantDoc/train/pepper_leaf_spot/image_0787.jpg,cached
PlantDoc,tomato_bacterial_spot,https://raw.githubusercontent.com/pratikkayal/PlantDoc-Dataset/master/train/Tomato%20leaf%20bacterial%20spot/pddl-highlights-fig-1-bact-spot.jpg,train,image_0788,/content/selected_images/PlantDoc/train/tomato_bacterial_spot/image_0788.jpg,cached
PlantVillage,tomato_septoria_leaf_spot,https://raw.githubusercontent.com/spMohanty/PlantVillage-Dataset/master/raw/color/Tomato___Septoria_leaf_spot/857c4c4b-d04c-47a0-84ff-55366ad36bbd___JR_Sept.L.S%202524.JPG,train,image_0789,/content/selected_images/PlantVillage/train/tomato_septoria_leaf_spot/image_0789.jpg,cached
PlantDoc,pepper_leaf_spot,https://raw.githubusercontent.com/pratikkayal/PlantDoc-Dataset/master/train/Bell_pepper%20leaf%20spot/e4d0e5.jpg,test,image_0790,/content/selected_images/PlantDoc/test/pepper_leaf_spot/image_0790.jpg,cached
PlantDoc,tomato_leaf_mould,https://raw.githubusercontent.com/pratikkayal/PlantDoc-Dataset/master/train/Tomato%20mold%20leaf/GIVXB.jpg,train,image_0791,/content/selected_images/PlantDoc/train/tomato_leaf_mould/image_0791.jpg,cached
PlantVillage,tomato_bacterial_spot,https://raw.githubusercontent.com/spMohanty/PlantVillage-Dataset/master/raw/color/Tomato___Bacterial_spot/ecc30297-bfb6-4e9e-8b3e-f29ca20cffa7___UF.GRC_BS_Lab%20Leaf%208904.JPG,train,image_0792,/content/selected_images/PlantVillage/train/tomato_bacterial_spot/image_0792.jpg,cached
PlantVillage,tomato_leaf_mould,https://raw.githubusercontent.com/spMohanty/PlantVillage-Dataset/master/raw/color/Tomato___Leaf_Mold/43728975-7569-464b-b67d-a2b3d0f5ddd5___Crnl_L.Mold%206919.JPG,train,image_0793,/content/selected_images/PlantVillage/train/tomato_leaf_mould/image_0793.jpg,cached
PlantDoc,tomato_late_blight,https://raw.githubusercontent.com/pratikkayal/PlantDoc-Dataset/master/train/Tomato%20leaf%20late%20blight/tomato-late-blight-foliar-lesions_Scot-Nelson_CC-BY-SA-2.0.jpg,train,image_0794,/content/selected_images/PlantDoc/train/tomato_late_blight/image_0794.jpg,cached
PlantVillage,tomato_leaf_mould,https://raw.githubusercontent.com/spMohanty/PlantVillage-Dataset/master/raw/color/Tomato___Leaf_Mold/13fa2773-ccce-4f1d-85cd-e5cb2c3b6c72___Crnl_L.Mold%208996.JPG,train,image_0795,/content/selected_images/PlantVillage/train/tomato_leaf_mould/image_0795.jpg,cached
PlantDoc,tomato_early_blight,https://raw.githubusercontent.com/pratikkayal/PlantDoc-Dataset/master/train/Tomato%20Early%20blight%20leaf/IMG_2436w.jpg,test,image_0796,/content/selected_images/PlantDoc/test/tomato_early_blight/image_0796.jpg,cached
PlantDoc,tomato_late_blight,https://raw.githubusercontent.com/pratikkayal/PlantDoc-Dataset/master/train/Tomato%20leaf%20late%20blight/late-blight-tomato-leaf.jpg,train,image_0797,/content/selected_images/PlantDoc/train/tomato_late_blight/image_0797.jpg,cached
PlantVillage,tomato_bacterial_spot,https://raw.githubusercontent.com/spMohanty/PlantVillage-Dataset/master/raw/color/Tomato___Bacterial_spot/e2061420-56a2-4612-9ba9-1d9c40e7fd13___GCREC_Bact.Sp%205824.JPG,train,image_0798,/content/selected_images/PlantVillage/train/tomato_bacterial_spot/image_0798.jpg,cached
PlantVillage,pepper_healthy,https://raw.githubusercontent.com/spMohanty/PlantVillage-Dataset/master/raw/color/Pepper%2C_bell___healthy/5bb2ecb4-acf6-464c-a62e-c76a110fe22c___JR_HL%208890.JPG,train,image_0799,/content/selected_images/PlantVillage/train/pepper_healthy/image_0799.jpg,cached
PlantDoc,tomato_early_blight,https://raw.githubusercontent.com/pratikkayal/PlantDoc-Dataset/master/test/Tomato%20Early%20blight%20leaf/Shoemaker_7068.JPG.jpg,train,image_0800,/content/selected_images/PlantDoc/train/tomato_early_blight/image_0800.jpg,cached
PlantDoc,tomato_healthy,https://raw.githubusercontent.com/pratikkayal/PlantDoc-Dataset/master/train/Tomato%20leaf/IMG_2061.JPG.jpg,train,image_0801,/content/selected_images/PlantDoc/train/tomato_healthy/image_0801.jpg,cached
PlantDoc,tomato_leaf_mould,https://raw.githubusercontent.com/pratikkayal/PlantDoc-Dataset/master/train/Tomato%20mold%20leaf/4118c92ffde66d327ee14e4023320bf7.jpg,train,image_0802,/content/selected_images/PlantDoc/train/tomato_leaf_mould/image_0802.jpg,cached
PlantDoc,tomato_healthy,https://raw.githubusercontent.com/pratikkayal/PlantDoc-Dataset/master/train/Tomato%20leaf/flies.jpg,train,image_0803,/content/selected_images/PlantDoc/train/tomato_healthy/image_0803.jpg,cached
PlantDoc,tomato_early_blight,https://raw.githubusercontent.com/pratikkayal/PlantDoc-Dataset/master/train/Tomato%20Early%20blight%20leaf/early-blight-in-high-tunnel-tomatoes-19tm74h.jpg,train,image_0804,/content/selected_images/PlantDoc/train/tomato_early_blight/image_0804.jpg,cached
PlantDoc,pepper_leaf_spot,https://raw.githubusercontent.com/pratikkayal/PlantDoc-Dataset/master/train/Bell_pepper%20leaf%20spot/0000.jpg,train,image_0805,/content/selected_images/PlantDoc/train/pepper_leaf_spot/image_0805.jpg,cached
PlantDoc,tomato_early_blight,https://raw.githubusercontent.com/pratikkayal/PlantDoc-Dataset/master/train/Tomato%20Early%20blight%20leaf/Early%2BBlight%2B-%2BTomatoes.jpg,train,image_0806,/content/selected_images/PlantDoc/train/tomato_early_blight/image_0806.jpg,cached
PlantDoc,tomato_bacterial_spot,https://raw.githubusercontent.com/pratikkayal/PlantDoc-Dataset/master/train/Tomato%20leaf%20bacterial%20spot/TC6-300x194.jpg,train,image_0807,/content/selected_images/PlantDoc/train/tomato_bacterial_spot/image_0807.jpg,cached
PlantVillage,pepper_leaf_spot,https://raw.githubusercontent.com/spMohanty/PlantVillage-Dataset/master/raw/color/Pepper%2C_bell___Bacterial_spot/a663a181-328d-4991-b427-614f3bdf14b8___JR_B.Spot%209063.JPG,test,image_0808,/content/selected_images/PlantVillage/test/pepper_leaf_spot/image_0808.jpg,cached
PlantDoc,tomato_late_blight,https://raw.githubusercontent.com/pratikkayal/PlantDoc-Dataset/master/train/Tomato%20leaf%20late%20blight/tomato%2Bblight.jpg,train,image_0809,/content/selected_images/PlantDoc/train/tomato_late_blight/image_0809.jpg,cached
PlantDoc,tomato_early_blight,https://raw.githubusercontent.com/pratikkayal/PlantDoc-Dataset/master/train/Tomato%20Early%20blight%20leaf/earlyblight.jpg,train,image_0810,/content/selected_images/PlantDoc/train/tomato_early_blight/image_0810.jpg,cached
PlantDoc,pepper_leaf_spot,https://raw.githubusercontent.com/pratikkayal/PlantDoc-Dataset/master/test/Bell_pepper%20leaf%20spot/pepper_bacterial-spot_03_zoom.jpg,train,image_0811,/content/selected_images/PlantDoc/train/pepper_leaf_spot/image_0811.jpg,cached
PlantVillage,tomato_leaf_mould,https://raw.githubusercontent.com/spMohanty/PlantVillage-Dataset/master/raw/color/Tomato___Leaf_Mold/c05c1b58-b391-41d4-bdd4-72f82b59a508___Crnl_L.Mold%208926.JPG,test,image_0812,/content/selected_images/PlantVillage/test/tomato_leaf_mould/image_0812.jpg,cached
PlantDoc,pepper_healthy,https://raw.githubusercontent.com/pratikkayal/PlantDoc-Dataset/master/train/Bell_pepper%20leaf/leaves.jpg,train,image_0813,/content/selected_images/PlantDoc/train/pepper_healthy/image_0813.jpg,cached
PlantVillage,pepper_healthy,https://raw.githubusercontent.com/spMohanty/PlantVillage-Dataset/master/raw/color/Pepper%2C_bell___healthy/a403fb35-6ab4-4e5e-88a6-254a443a74d9___JR_HL%208492.JPG,train,image_0814,/content/selected_images/PlantVillage/train/pepper_healthy/image_0814.jpg,cached
PlantVillage,pepper_healthy,https://raw.githubusercontent.com/spMohanty/PlantVillage-Dataset/master/raw/color/Pepper%2C_bell___healthy/3ba519c0-340f-4cef-bbea-fcb67645868e___JR_HL%207828.JPG,test,image_0815,/content/selected_images/PlantVillage/test/pepper_healthy/image_0815.jpg,cached
PlantDoc,tomato_early_blight,https://raw.githubusercontent.com/pratikkayal/PlantDoc-Dataset/master/train/Tomato%20Early%20blight%20leaf/early-blight-in-tomatoes.jpg,train,image_0816,/content/selected_images/PlantDoc/train/tomato_early_blight/image_0816.jpg,cached
PlantVillage,tomato_bacterial_spot,https://raw.githubusercontent.com/spMohanty/PlantVillage-Dataset/master/raw/color/Tomato___Bacterial_spot/28557b27-1dce-4cd4-bed0-c4a84207d3e2___GCREC_Bact.Sp%206187.JPG,train,image_0817,/content/selected_images/PlantVillage/train/tomato_bacterial_spot/image_0817.jpg,cached
PlantVillage,tomato_healthy,https://raw.githubusercontent.com/spMohanty/PlantVillage-Dataset/master/raw/color/Tomato___healthy/b2639bc5-e165-4cdd-8557-fa73c6d4137f___RS_HL%200072.JPG,train,image_0818,/content/selected_images/PlantVillage/train/tomato_healthy/image_0818.jpg,cached
PlantVillage,pepper_healthy,https://raw.githubusercontent.com/spMohanty/PlantVillage-Dataset/master/raw/color/Pepper%2C_bell___healthy/53c14233-6e5f-4775-acfe-212000c81ffa___JR_HL%206009.JPG,train,image_0819,/content/selected_images/PlantVillage/train/pepper_healthy/image_0819.jpg,cached
PlantDoc,tomato_leaf_mould,https://raw.githubusercontent.com/pratikkayal/PlantDoc-Dataset/master/train/Tomato%20mold%20leaf/6032331.JPG.jpg,test,image_0820,/content/selected_images/PlantDoc/test/tomato_leaf_mould/image_0820.jpg,cached
PlantVillage,tomato_bacterial_spot,https://raw.githubusercontent.com/spMohanty/PlantVillage-Dataset/master/raw/color/Tomato___Bacterial_spot/22a42ef8-b719-40d1-9307-8f035913daff___GCREC_Bact.Sp%203861.JPG,train,image_0821,/content/selected_images/PlantVillage/train/tomato_bacterial_spot/image_0821.jpg,cached
PlantDoc,pepper_healthy,https://raw.githubusercontent.com/pratikkayal/PlantDoc-Dataset/master/train/Bell_pepper%20leaf/shutterstock_443115826.jpg,test,image_0822,/content/selected_images/PlantDoc/test/pepper_healthy/image_0822.jpg,cached
PlantDoc,tomato_early_blight,https://raw.githubusercontent.com/pratikkayal/PlantDoc-Dataset/master/train/Tomato%20Early%20blight%20leaf/100_46341.jpg,train,image_0823,/content/selected_images/PlantDoc/train/tomato_early_blight/image_0823.jpg,cached
PlantVillage,tomato_leaf_mould,https://raw.githubusercontent.com/spMohanty/PlantVillage-Dataset/master/raw/color/Tomato___Leaf_Mold/ba913a0e-102c-4fc0-b617-22f85f9f6d31___Crnl_L.Mold%206504.JPG,train,image_0824,/content/selected_images/PlantVillage/train/tomato_leaf_mould/image_0824.jpg,cached
PlantVillage,tomato_early_blight,https://raw.githubusercontent.com/spMohanty/PlantVillage-Dataset/master/raw/color/Tomato___Early_blight/dc474f67-5e4c-4c60-b1fd-aaafea2bc34c___RS_Erly.B%209519.JPG,train,image_0825,/content/selected_images/PlantVillage/train/tomato_early_blight/image_0825.jpg,cached
PlantVillage,tomato_leaf_mould,https://raw.githubusercontent.com/spMohanty/PlantVillage-Dataset/master/raw/color/Tomato___Leaf_Mold/2026a463-c6a6-4500-b382-9b5cbd73f9cf___Crnl_L.Mold%208734.JPG,train,image_0826,/content/selected_images/PlantVillage/train/tomato_leaf_mould/image_0826.jpg,cached
PlantDoc,tomato_bacterial_spot,https://raw.githubusercontent.com/pratikkayal/PlantDoc-Dataset/master/train/Tomato%20leaf%20bacterial%20spot/bac_spot1-300x298.jpg,train,image_0827,/content/selected_images/PlantDoc/train/tomato_bacterial_spot/image_0827.jpg,cached
PlantVillage,tomato_leaf_mould,https://raw.githubusercontent.com/spMohanty/PlantVillage-Dataset/master/raw/color/Tomato___Leaf_Mold/99d2b2e1-b3e6-4689-ad9a-209cdfdf4084___Crnl_L.Mold%207025.JPG,train,image_0828,/content/selected_images/PlantVillage/train/tomato_leaf_mould/image_0828.jpg,cached
PlantDoc,pepper_leaf_spot,https://raw.githubusercontent.com/pratikkayal/PlantDoc-Dataset/master/train/Bell_pepper%20leaf%20spot/06.jpg,train,image_0829,/content/selected_images/PlantDoc/train/pepper_leaf_spot/image_0829.jpg,cached
PlantDoc,pepper_healthy,https://raw.githubusercontent.com/pratikkayal/PlantDoc-Dataset/master/train/Bell_pepper%20leaf/ee4ab32985e0f26d556ab9d6ac7d0a35.jpg,train,image_0830,/content/selected_images/PlantDoc/train/pepper_healthy/image_0830.jpg,cached
PlantVillage,tomato_healthy,https://raw.githubusercontent.com/spMohanty/PlantVillage-Dataset/master/raw/color/Tomato___healthy/89787310-40fb-4d46-9b4b-5f8426e26ccf___GH_HL%20Leaf%20442.1.JPG,train,image_0831,/content/selected_images/PlantVillage/train/tomato_healthy/image_0831.jpg,cached
PlantVillage,pepper_leaf_spot,https://raw.githubusercontent.com/spMohanty/PlantVillage-Dataset/master/raw/color/Pepper%2C_bell___Bacterial_spot/ac6e6cad-2932-4af0-ad68-fdf044eecc8c___NREC_B.Spot%201796.JPG,train,image_0832,/content/selected_images/PlantVillage/train/pepper_leaf_spot/image_0832.jpg,cached
PlantVillage,tomato_septoria_leaf_spot,https://raw.githubusercontent.com/spMohanty/PlantVillage-Dataset/master/raw/color/Tomato___Septoria_leaf_spot/b27bfe7e-22a0-478f-9d81-b1b81ea0f732___Matt.S_CG%207433.JPG,test,image_0833,/content/selected_images/PlantVillage/test/tomato_septoria_leaf_spot/image_0833.jpg,cached
PlantDoc,tomato_healthy,https://raw.githubusercontent.com/pratikkayal/PlantDoc-Dataset/master/train/Tomato%20leaf/003.JPG.jpg,test,image_0834,/content/selected_images/PlantDoc/test/tomato_healthy/image_0834.jpg,cached
PlantVillage,tomato_healthy,https://raw.githubusercontent.com/spMohanty/PlantVillage-Dataset/master/raw/color/Tomato___healthy/2de3b39c-9fbd-4e94-b9e4-3f97dac9c34d___GH_HL%20Leaf%20286.1.JPG,train,image_0835,/content/selected_images/PlantVillage/train/tomato_healthy/image_0835.jpg,cached
PlantDoc,tomato_septoria_leaf_spot,https://raw.githubusercontent.com/pratikkayal/PlantDoc-Dataset/master/train/Tomato%20Septoria%20leaf%20spot/tomato-plant-is-infected-with-septoria-leaf-spot-1.jpg,train,image_0836,/content/selected_images/PlantDoc/train/tomato_septoria_leaf_spot/image_0836.jpg,cached
PlantDoc,pepper_healthy,https://raw.githubusercontent.com/pratikkayal/PlantDoc-Dataset/master/train/Bell_pepper%20leaf/004-10.jpg,train,image_0837,/content/selected_images/PlantDoc/train/pepper_healthy/image_0837.jpg,cached
PlantDoc,tomato_late_blight,https://raw.githubusercontent.com/pratikkayal/PlantDoc-Dataset/master/train/Tomato%20leaf%20late%20blight/lateblight2.jpg,train,image_0838,/content/selected_images/PlantDoc/train/tomato_late_blight/image_0838.jpg,cached
PlantVillage,pepper_leaf_spot,https://raw.githubusercontent.com/spMohanty/PlantVillage-Dataset/master/raw/color/Pepper%2C_bell___Bacterial_spot/c9e13908-bce6-4ad7-831f-a4a408cabf72___JR_B.Spot%203198.JPG,train,image_0839,/content/selected_images/PlantVillage/train/pepper_leaf_spot/image_0839.jpg,cached
PlantDoc,tomato_late_blight,https://raw.githubusercontent.com/pratikkayal/PlantDoc-Dataset/master/test/Tomato%20leaf%20late%20blight/18c.jpg,train,image_0840,/content/selected_images/PlantDoc/train/tomato_late_blight/image_0840.jpg,cached
PlantVillage,pepper_healthy,https://raw.githubusercontent.com/spMohanty/PlantVillage-Dataset/master/raw/color/Pepper%2C_bell___healthy/0c93ef1a-ccc8-4a62-9353-308e7da3ac3e___JR_HL%208245.JPG,test,image_0841,/content/selected_images/PlantVillage/test/pepper_healthy/image_0841.jpg,cached
PlantVillage,tomato_healthy,https://raw.githubusercontent.com/spMohanty/PlantVillage-Dataset/master/raw/color/Tomato___healthy/14f9c049-aeb8-4cfb-84a7-cd39526b8b20___RS_HL%200534.JPG,train,image_0842,/content/selected_images/PlantVillage/train/tomato_healthy/image_0842.jpg,cached
PlantVillage,pepper_healthy,https://raw.githubusercontent.com/spMohanty/PlantVillage-Dataset/master/raw/color/Pepper%2C_bell___healthy/8acf0350-5233-4fdd-ae77-34d78943cc9a___JR_HL%208237.JPG,train,image_0843,/content/selected_images/PlantVillage/train/pepper_healthy/image_0843.jpg,cached
PlantDoc,pepper_healthy,https://raw.githubusercontent.com/pratikkayal/PlantDoc-Dataset/master/train/Bell_pepper%20leaf/fotolia_4311376_XS.jpg,train,image_0844,/content/selected_images/PlantDoc/train/pepper_healthy/image_0844.jpg,cached
PlantVillage,tomato_leaf_mould,https://raw.githubusercontent.com/spMohanty/PlantVillage-Dataset/master/raw/color/Tomato___Leaf_Mold/b2f8fe67-6a72-48ff-b04a-3d9f9368aded___Crnl_L.Mold%206565.JPG,test,image_0845,/content/selected_images/PlantVillage/test/tomato_leaf_mould/image_0845.jpg,cached
PlantVillage,tomato_bacterial_spot,https://raw.githubusercontent.com/spMohanty/PlantVillage-Dataset/master/raw/color/Tomato___Bacterial_spot/4fba56f7-8e4d-4d30-bbdd-3db1ed111f61___GCREC_Bact.Sp%206062.JPG,train,image_0846,/content/selected_images/PlantVillage/train/tomato_bacterial_spot/image_0846.jpg,cached
PlantDoc,tomato_early_blight,https://raw.githubusercontent.com/pratikkayal/PlantDoc-Dataset/master/train/Tomato%20Early%20blight%20leaf/early%2520blight%2520%25283%2529.jpg%3Fitok%3DUMYWI0xr.jpg,train,image_0847,/content/selected_images/PlantDoc/train/tomato_early_blight/image_0847.jpg,cached
PlantVillage,tomato_bacterial_spot,https://raw.githubusercontent.com/spMohanty/PlantVillage-Dataset/master/raw/color/Tomato___Bacterial_spot/fea5289e-4a3a-4891-bbcc-fb38b75a23f9___UF.GRC_BS_Lab%20Leaf%201164.JPG,train,image_0848,/content/selected_images/PlantVillage/train/tomato_bacterial_spot/image_0848.jpg,cached
PlantDoc,tomato_late_blight,https://raw.githubusercontent.com/pratikkayal/PlantDoc-Dataset/master/train/Tomato%20leaf%20late%20blight/dsc_4624s.jpg,test,image_0849,/content/selected_images/PlantDoc/test/tomato_late_blight/image_0849.jpg,cached
PlantVillage,pepper_healthy,https://raw.githubusercontent.com/spMohanty/PlantVillage-Dataset/master/raw/color/Pepper%2C_bell___healthy/c5c88b11-0ecd-49ef-a96f-ba1aab4a12c4___JR_HL%205985.JPG,train,image_0850,/content/selected_images/PlantVillage/train/pepper_healthy/image_0850.jpg,cached
PlantVillage,tomato_late_blight,https://raw.githubusercontent.com/spMohanty/PlantVillage-Dataset/master/raw/color/Tomato___Late_blight/8d025d16-0058-42b5-82b5-4cd88dd6f110___GHLB2%20Leaf%208785.JPG,train,image_0851,/content/selected_images/PlantVillage/train/tomato_late_blight/image_0851.jpg,cached
PlantDoc,tomato_early_blight,https://raw.githubusercontent.com/pratikkayal/PlantDoc-Dataset/master/train/Tomato%20Early%20blight%20leaf/dscn3168.jpg,train,image_0852,/content/selected_images/PlantDoc/train/tomato_early_blight/image_0852.jpg,cached
PlantDoc,tomato_bacterial_spot,https://raw.githubusercontent.com/pratikkayal/PlantDoc-Dataset/master/test/Tomato%20leaf%20bacterial%20spot/bact-spot-fig-1.jpg,train,image_0853,/content/selected_images/PlantDoc/train/tomato_bacterial_spot/image_0853.jpg,cached
PlantDoc,tomato_early_blight,https://raw.githubusercontent.com/pratikkayal/PlantDoc-Dataset/master/train/Tomato%20Early%20blight%20leaf/EBTomato.jpg,train,image_0854,/content/selected_images/PlantDoc/train/tomato_early_blight/image_0854.jpg,cached
PlantVillage,tomato_early_blight,https://raw.githubusercontent.com/spMohanty/PlantVillage-Dataset/master/raw/color/Tomato___Early_blight/394ebb8a-49b8-4122-bd81-f3c862491db9___RS_Erly.B%207513.JPG,train,image_0855,/content/selected_images/PlantVillage/train/tomato_early_blight/image_0855.jpg,cached
PlantDoc,tomato_bacterial_spot,https://raw.githubusercontent.com/pratikkayal/PlantDoc-Dataset/master/train/Tomato%20leaf%20bacterial%20spot/bac-spot.jpg,train,image_0856,/content/selected_images/PlantDoc/train/tomato_bacterial_spot/image_0856.jpg,cached
PlantVillage,tomato_early_blight,https://raw.githubusercontent.com/spMohanty/PlantVillage-Dataset/master/raw/color/Tomato___Early_blight/66c98dd1-2790-4977-91ee-1b10ca8c687b___RS_Erly.B%208418.JPG,train,image_0857,/content/selected_images/PlantVillage/train/tomato_early_blight/image_0857.jpg,cached
PlantDoc,tomato_early_blight,https://raw.githubusercontent.com/pratikkayal/PlantDoc-Dataset/master/train/Tomato%20Early%20blight%20leaf/tomato-blight-soil-treatment-early-tomato-blight-in-a-microcosm-lower-leaves-curl-up-and-die-bulls-eye-lesions-tomato-fungus-soil-treatment.jpg,train,image_0858,/content/selected_images/PlantDoc/train/tomato_early_blight/image_0858.jpg,cached
PlantVillage,tomato_septoria_leaf_spot,https://raw.githubusercontent.com/spMohanty/PlantVillage-Dataset/master/raw/color/Tomato___Septoria_leaf_spot/acb8c617-8f07-44b5-95bc-74c11726ace7___JR_Sept.L.S%202660.JPG,train,image_0859,/content/selected_images/PlantVillage/train/tomato_septoria_leaf_spot/image_0859.jpg,cached
PlantVillage,tomato_septoria_leaf_spot,https://raw.githubusercontent.com/spMohanty/PlantVillage-Dataset/master/raw/color/Tomato___Septoria_leaf_spot/32839ce2-35bd-4352-9d5d-1c4c6713cd9b___JR_Sept.L.S%208405.JPG,test,image_0860,/content/selected_images/PlantVillage/test/tomato_septoria_leaf_spot/image_0860.jpg,cached
PlantDoc,tomato_septoria_leaf_spot,https://raw.githubusercontent.com/pratikkayal/PlantDoc-Dataset/master/train/Tomato%20Septoria%20leaf%20spot/septoria-tomato-leaf.jpg,test,image_0861,/content/selected_images/PlantDoc/test/tomato_septoria_leaf_spot/image_0861.jpg,cached
PlantDoc,tomato_late_blight,https://raw.githubusercontent.com/pratikkayal/PlantDoc-Dataset/master/test/Tomato%20leaf%20late%20blight/late_blight_tomato_leaf_spore1x1200.jpg,train,image_0862,/content/selected_images/PlantDoc/train/tomato_late_blight/image_0862.jpg,cached
PlantDoc,tomato_leaf_mould,https://raw.githubusercontent.com/pratikkayal/PlantDoc-Dataset/master/train/Tomato%20mold%20leaf/23600077_1572609202782510_2145699867_o.jpg,train,image_0863,/content/selected_images/PlantDoc/train/tomato_leaf_mould/image_0863.jpg,cached
PlantVillage,tomato_early_blight,https://raw.githubusercontent.com/spMohanty/PlantVillage-Dataset/master/raw/color/Tomato___Early_blight/2f6115d3-4997-4174-aa6a-9025c654e81f___RS_Erly.B%209374.JPG,train,image_0864,/content/selected_images/PlantVillage/train/tomato_early_blight/image_0864.jpg,cached
PlantVillage,tomato_bacterial_spot,https://raw.githubusercontent.com/spMohanty/PlantVillage-Dataset/master/raw/color/Tomato___Bacterial_spot/2cc65e15-e2ac-4a59-be59-ea7882d51638___GCREC_Bact.Sp%206018.JPG,train,image_0865,/content/selected_images/PlantVillage/train/tomato_bacterial_spot/image_0865.jpg,cached
PlantVillage,tomato_healthy,https://raw.githubusercontent.com/spMohanty/PlantVillage-Dataset/master/raw/color/Tomato___healthy/ae0ad0c2-8693-4aff-8c4b-2f4d2d6f7f41___RS_HL%200454.JPG,train,image_0866,/content/selected_images/PlantVillage/train/tomato_healthy/image_0866.jpg,cached
PlantDoc,pepper_leaf_spot,https://raw.githubusercontent.com/pratikkayal/PlantDoc-Dataset/master/train/Bell_pepper%20leaf%20spot/bacterial_leaf_spot_pepper_plant_l.jpg,train,image_0867,/content/selected_images/PlantDoc/train/pepper_leaf_spot/image_0867.jpg,cached
PlantDoc,tomato_early_blight,https://raw.githubusercontent.com/pratikkayal/PlantDoc-Dataset/master/train/Tomato%20Early%20blight%20leaf/IMG_0591.jpg,train,image_0868,/content/selected_images/PlantDoc/train/tomato_early_blight/image_0868.jpg,cached
PlantVillage,tomato_leaf_mould,https://raw.githubusercontent.com/spMohanty/PlantVillage-Dataset/master/raw/color/Tomato___Leaf_Mold/5467ad1f-7db3-4b4d-907a-12ea50ef84c3___Crnl_L.Mold%207097.JPG,train,image_0869,/content/selected_images/PlantVillage/train/tomato_leaf_mould/image_0869.jpg,cached
PlantDoc,tomato_bacterial_spot,https://raw.githubusercontent.com/pratikkayal/PlantDoc-Dataset/master/train/Tomato%20leaf%20bacterial%20spot/Bacterial_spots2277.jpg,train,image_0870,/content/selected_images/PlantDoc/train/tomato_bacterial_spot/image_0870.jpg,cached
PlantVillage,tomato_septoria_leaf_spot,https://raw.githubusercontent.com/spMohanty/PlantVillage-Dataset/master/raw/color/Tomato___Septoria_leaf_spot/0ea612c0-8416-4771-a8bb-d5d255800f94___JR_Sept.L.S%208533.JPG,test,image_0871,/content/selected_images/PlantVillage/test/tomato_septoria_leaf_spot/image_0871.jpg,cached
PlantDoc,tomato_late_blight,https://raw.githubusercontent.com/pratikkayal/PlantDoc-Dataset/master/train/Tomato%20leaf%20late%20blight/lb_leaf_lesions4x1200.jpg,test,image_0872,/content/selected_images/PlantDoc/test/tomato_late_blight/image_0872.jpg,cached
PlantDoc,tomato_early_blight,https://raw.githubusercontent.com/pratikkayal/PlantDoc-Dataset/master/train/Tomato%20Early%20blight%20leaf/gn201410308259997ar-jpg.jpg,train,image_0873,/content/selected_images/PlantDoc/train/tomato_early_blight/image_0873.jpg,cached
PlantVillage,pepper_leaf_spot,https://raw.githubusercontent.com/spMohanty/PlantVillage-Dataset/master/raw/color/Pepper%2C_bell___Bacterial_spot/c93e971c-7419-410e-8ea3-7094610d11e0___NREC_B.Spot%209081.JPG,train,image_0874,/content/selected_images/PlantVillage/train/pepper_leaf_spot/image_0874.jpg,cached
PlantDoc,pepper_leaf_spot,https://raw.githubusercontent.com/pratikkayal/PlantDoc-Dataset/master/train/Bell_pepper%20leaf%20spot/e2Vlc.jpg,train,image_0875,/content/selected_images/PlantDoc/train/pepper_leaf_spot/image_0875.jpg,cached
PlantVillage,tomato_leaf_mould,https://raw.githubusercontent.com/spMohanty/PlantVillage-Dataset/master/raw/color/Tomato___Leaf_Mold/1f64f046-46e6-47b3-91ef-31c2433face3___Crnl_L.Mold%209089.JPG,train,image_0876,/content/selected_images/PlantVillage/train/tomato_leaf_mould/image_0876.jpg,cached
PlantVillage,pepper_healthy,https://raw.githubusercontent.com/spMohanty/PlantVillage-Dataset/master/raw/color/Pepper%2C_bell___healthy/2a510a2e-0e15-4ee3-9a66-a7bc27710c91___JR_HL%207704.JPG,train,image_0877,/content/selected_images/PlantVillage/train/pepper_healthy/image_0877.jpg,cached
PlantDoc,tomato_leaf_mould,https://raw.githubusercontent.com/pratikkayal/PlantDoc-Dataset/master/train/Tomato%20mold%20leaf/tomato_leaf-mold_01_zoom.jpg,train,image_0878,/content/selected_images/PlantDoc/train/tomato_leaf_mould/image_0878.jpg,cached
PlantDoc,tomato_septoria_leaf_spot,https://raw.githubusercontent.com/pratikkayal/PlantDoc-Dataset/master/train/Tomato%20Septoria%20leaf%20spot/5866245865865216.jpeg.jpg,train,image_0879,/content/selected_images/PlantDoc/train/tomato_septoria_leaf_spot/image_0879.jpg,cached
PlantDoc,pepper_leaf_spot,https://raw.githubusercontent.com/pratikkayal/PlantDoc-Dataset/master/train/Bell_pepper%20leaf%20spot/Bacterial-spot-symptoms-on-pepper-leaves-for-web.jpg,train,image_0880,/content/selected_images/PlantDoc/train/pepper_leaf_spot/image_0880.jpg,cached
PlantVillage,pepper_leaf_spot,https://raw.githubusercontent.com/spMohanty/PlantVillage-Dataset/master/raw/color/Pepper%2C_bell___Bacterial_spot/35b1d344-1bb9-4976-9ba2-de290dd167dd___NREC_B.Spot%209056.JPG,train,image_0881,/content/selected_images/PlantVillage/train/pepper_leaf_spot/image_0881.jpg,cached
PlantVillage,tomato_bacterial_spot,https://raw.githubusercontent.com/spMohanty/PlantVillage-Dataset/master/raw/color/Tomato___Bacterial_spot/4399f133-0078-4099-9ddb-605bbb84cf8c___GCREC_Bact.Sp%203216.JPG,train,image_0882,/content/selected_images/PlantVillage/train/tomato_bacterial_spot/image_0882.jpg,cached
PlantVillage,pepper_healthy,https://raw.githubusercontent.com/spMohanty/PlantVillage-Dataset/master/raw/color/Pepper%2C_bell___healthy/9915883a-fcc4-457a-bcc3-404fd25ba386___JR_HL%207605.JPG,train,image_0883,/content/selected_images/PlantVillage/train/pepper_healthy/image_0883.jpg,cached
PlantDoc,tomato_early_blight,https://raw.githubusercontent.com/pratikkayal/PlantDoc-Dataset/master/train/Tomato%20Early%20blight%20leaf/halleck_tomato_earlyblight__inline-half.jpg,train,image_0884,/content/selected_images/PlantDoc/train/tomato_early_blight/image_0884.jpg,cached
PlantDoc,pepper_healthy,https://raw.githubusercontent.com/pratikkayal/PlantDoc-Dataset/master/train/Bell_pepper%20leaf/IMG_1495.JPG.jpg,train,image_0885,/content/selected_images/PlantDoc/train/pepper_healthy/image_0885.jpg,cached
PlantVillage,tomato_septoria_leaf_spot,https://raw.githubusercontent.com/spMohanty/PlantVillage-Dataset/master/raw/color/Tomato___Septoria_leaf_spot/56091676-e2c1-43e7-aeb2-7621b0ce5d8f___Matt.S_CG%206840.JPG,train,image_0886,/content/selected_images/PlantVillage/train/tomato_septoria_leaf_spot/image_0886.jpg,cached
PlantVillage,tomato_septoria_leaf_spot,https://raw.githubusercontent.com/spMohanty/PlantVillage-Dataset/master/raw/color/Tomato___Septoria_leaf_spot/5418736d-c947-4cdc-b82c-692de712880a___JR_Sept.L.S%202619.JPG,train,image_0887,/content/selected_images/PlantVillage/train/tomato_septoria_leaf_spot/image_0887.jpg,cached
PlantVillage,tomato_leaf_mould,https://raw.githubusercontent.com/spMohanty/PlantVillage-Dataset/master/raw/color/Tomato___Leaf_Mold/9f8e73b0-a649-44db-b77c-547a8ef7912d___Crnl_L.Mold%209171.JPG,train,image_0888,/content/selected_images/PlantVillage/train/tomato_leaf_mould/image_0888.jpg,cached
PlantVillage,pepper_leaf_spot,https://raw.githubusercontent.com/spMohanty/PlantVillage-Dataset/master/raw/color/Pepper%2C_bell___Bacterial_spot/bc76d04a-056a-4fa4-a3de-2d848101631a___JR_B.Spot%209089.JPG,train,image_0889,/content/selected_images/PlantVillage/train/pepper_leaf_spot/image_0889.jpg,cached
PlantVillage,tomato_late_blight,https://raw.githubusercontent.com/spMohanty/PlantVillage-Dataset/master/raw/color/Tomato___Late_blight/e82e3fd9-cc3c-4196-9bef-178576b882de___RS_Late.B%206316.JPG,test,image_0890,/content/selected_images/PlantVillage/test/tomato_late_blight/image_0890.jpg,cached
PlantDoc,pepper_leaf_spot,https://raw.githubusercontent.com/pratikkayal/PlantDoc-Dataset/master/train/Bell_pepper%20leaf%20spot/may27pepleaes001.jpg,train,image_0891,/content/selected_images/PlantDoc/train/pepper_leaf_spot/image_0891.jpg,cached
PlantVillage,tomato_late_blight,https://raw.githubusercontent.com/spMohanty/PlantVillage-Dataset/master/raw/color/Tomato___Late_blight/e7a25945-e168-4539-8324-7465310c2795___GHLB2%20Leaf%208958.JPG,train,image_0892,/content/selected_images/PlantVillage/train/tomato_late_blight/image_0892.jpg,cached
PlantDoc,tomato_early_blight,https://raw.githubusercontent.com/pratikkayal/PlantDoc-Dataset/master/train/Tomato%20Early%20blight%20leaf/12July_mwnews_3-C.jpg,train,image_0893,/content/selected_images/PlantDoc/train/tomato_early_blight/image_0893.jpg,cached
PlantVillage,tomato_early_blight,https://raw.githubusercontent.com/spMohanty/PlantVillage-Dataset/master/raw/color/Tomato___Early_blight/cd2d8a7b-2389-4a2c-8647-b986092fa506___RS_Erly.B%208377.JPG,train,image_0894,/content/selected_images/PlantVillage/train/tomato_early_blight/image_0894.jpg,cached
PlantVillage,pepper_healthy,https://raw.githubusercontent.com/spMohanty/PlantVillage-Dataset/master/raw/color/Pepper%2C_bell___healthy/0dd09705-5593-4d01-9a9b-c1d5857daf92___JR_HL%208212.JPG,train,image_0895,/content/selected_images/PlantVillage/train/pepper_healthy/image_0895.jpg,cached
PlantVillage,tomato_late_blight,https://raw.githubusercontent.com/spMohanty/PlantVillage-Dataset/master/raw/color/Tomato___Late_blight/c0b62c7a-4b0c-43d6-80d9-d5c6eef43325___RS_Late.B%206114.JPG,test,image_0896,/content/selected_images/PlantVillage/test/tomato_late_blight/image_0896.jpg,cached
PlantDoc,tomato_healthy,https://raw.githubusercontent.com/pratikkayal/PlantDoc-Dataset/master/test/Tomato%20leaf/90e2c0.jpg,train,image_0897,/content/selected_images/PlantDoc/train/tomato_healthy/image_0897.jpg,cached
PlantVillage,tomato_leaf_mould,https://raw.githubusercontent.com/spMohanty/PlantVillage-Dataset/master/raw/color/Tomato___Leaf_Mold/ad0bafb5-fc74-49b6-9626-4c2ae34bdb26___Crnl_L.Mold%208872.JPG,test,image_0898,/content/selected_images/PlantVillage/test/tomato_leaf_mould/image_0898.jpg,cached
PlantVillage,tomato_early_blight,https://raw.githubusercontent.com/spMohanty/PlantVillage-Dataset/master/raw/color/Tomato___Early_blight/669eda4d-aa2e-4d84-9146-c96b047eb70e___RS_Erly.B%206369.JPG,train,image_0899,/content/selected_images/PlantVillage/train/tomato_early_blight/image_0899.jpg,cached
PlantVillage,tomato_healthy,https://raw.githubusercontent.com/spMohanty/PlantVillage-Dataset/master/raw/color/Tomato___healthy/25080b1c-6c0f-4b11-bb31-b5cfb2429395___GH_HL%20Leaf%20238.JPG,test,image_0900,/content/selected_images/PlantVillage/test/tomato_healthy/image_0900.jpg,cached
PlantDoc,tomato_leaf_mould,https://raw.githubusercontent.com/pratikkayal/PlantDoc-Dataset/master/train/Tomato%20mold%20leaf/TomatoLeafMold2-50QUALITY-1b89zfs.jpg,train,image_0901,/content/selected_images/PlantDoc/train/tomato_leaf_mould/image_0901.jpg,cached
PlantDoc,tomato_septoria_leaf_spot,https://raw.githubusercontent.com/pratikkayal/PlantDoc-Dataset/master/train/Tomato%20Septoria%20leaf%20spot/b54d0e40027ff5e90e8ba7e1e9abf9bd.jpg,train,image_0902,/content/selected_images/PlantDoc/train/tomato_septoria_leaf_spot/image_0902.jpg,cached
PlantDoc,tomato_healthy,https://raw.githubusercontent.com/pratikkayal/PlantDoc-Dataset/master/train/Tomato%20leaf/img_1028.jpg,train,image_0903,/content/selected_images/PlantDoc/train/tomato_healthy/image_0903.jpg,cached
PlantDoc,tomato_late_blight,https://raw.githubusercontent.com/pratikkayal/PlantDoc-Dataset/master/train/Tomato%20leaf%20late%20blight/IMG_5813.jpg,train,image_0904,/content/selected_images/PlantDoc/train/tomato_late_blight/image_0904.jpg,cached
PlantDoc,pepper_healthy,https://raw.githubusercontent.com/pratikkayal/PlantDoc-Dataset/master/train/Bell_pepper%20leaf/007.JPG.jpg,train,image_0905,/content/selected_images/PlantDoc/train/pepper_healthy/image_0905.jpg,cached
PlantDoc,tomato_septoria_leaf_spot,https://raw.githubusercontent.com/pratikkayal/PlantDoc-Dataset/master/train/Tomato%20Septoria%20leaf%20spot/6134794031202304-600x272.jpeg.jpg,test,image_0906,/content/selected_images/PlantDoc/test/tomato_septoria_leaf_spot/image_0906.jpg,cached
PlantDoc,pepper_healthy,https://raw.githubusercontent.com/pratikkayal/PlantDoc-Dataset/master/train/Bell_pepper%20leaf/14ec45.jpg,train,image_0907,/content/selected_images/PlantDoc/train/pepper_healthy/image_0907.jpg,cached
PlantDoc,tomato_late_blight,https://raw.githubusercontent.com/pratikkayal/PlantDoc-Dataset/master/train/Tomato%20leaf%20late%20blight/lb_leaf_lesions3x1200.jpg,train,image_0908,/content/selected_images/PlantDoc/train/tomato_late_blight/image_0908.jpg,cached
PlantVillage,tomato_early_blight,https://raw.githubusercontent.com/spMohanty/PlantVillage-Dataset/master/raw/color/Tomato___Early_blight/d44e75f7-59ac-4296-ac62-893125ddf04e___RS_Erly.B%207856.JPG,train,image_0909,/content/selected_images/PlantVillage/train/tomato_early_blight/image_0909.jpg,cached
PlantDoc,pepper_leaf_spot,https://raw.githubusercontent.com/pratikkayal/PlantDoc-Dataset/master/train/Bell_pepper%20leaf%20spot/GX3DYbwOynSj6HftBUajAw_m.jpg,train,image_0910,/content/selected_images/PlantDoc/train/pepper_leaf_spot/image_0910.jpg,cached
PlantDoc,tomato_leaf_mould,https://raw.githubusercontent.com/pratikkayal/PlantDoc-Dataset/master/train/Tomato%20mold%20leaf/tomato-leaf-2.jpg,test,image_0911,/content/selected_images/PlantDoc/test/tomato_leaf_mould/image_0911.jpg,cached
PlantDoc,pepper_leaf_spot,https://raw.githubusercontent.com/pratikkayal/PlantDoc-Dataset/master/train/Bell_pepper%20leaf%20spot/P5270397.JPG.jpg,train,image_0912,/content/selected_images/PlantDoc/train/pepper_leaf_spot/image_0912.jpg,cached
PlantDoc,tomato_bacterial_spot,https://raw.githubusercontent.com/pratikkayal/PlantDoc-Dataset/master/train/Tomato%20leaf%20bacterial%20spot/05-069f1.jpg,train,image_0913,/content/selected_images/PlantDoc/train/tomato_bacterial_spot/image_0913.jpg,cached
PlantVillage,tomato_bacterial_spot,https://raw.githubusercontent.com/spMohanty/PlantVillage-Dataset/master/raw/color/Tomato___Bacterial_spot/538b69f4-6f98-4bd6-8da7-8f8448c8731b___GCREC_Bact.Sp%205775.JPG,train,image_0914,/content/selected_images/PlantVillage/train/tomato_bacterial_spot/image_0914.jpg,cached
PlantDoc,tomato_late_blight,https://raw.githubusercontent.com/pratikkayal/PlantDoc-Dataset/master/train/Tomato%20leaf%20late%20blight/IMG_4182.JPG.jpg,train,image_0915,/content/selected_images/PlantDoc/train/tomato_late_blight/image_0915.jpg,cached
PlantDoc,tomato_bacterial_spot,https://raw.githubusercontent.com/pratikkayal/PlantDoc-Dataset/master/train/Tomato%20leaf%20bacterial%20spot/Bacterial_spots2276.jpg,train,image_0916,/content/selected_images/PlantDoc/train/tomato_bacterial_spot/image_0916.jpg,cached
PlantVillage,tomato_septoria_leaf_spot,https://raw.githubusercontent.com/spMohanty/PlantVillage-Dataset/master/raw/color/Tomato___Septoria_leaf_spot/29e8c2f4-3e72-45d6-be52-b8bec7dca2d8___Matt.S_CG%207421.JPG,train,image_0917,/content/selected_images/PlantVillage/train/tomato_septoria_leaf_spot/image_0917.jpg,cached
PlantDoc,tomato_bacterial_spot,https://raw.githubusercontent.com/pratikkayal/PlantDoc-Dataset/master/train/Tomato%20leaf%20bacterial%20spot/05-069f9.jpg,train,image_0918,/content/selected_images/PlantDoc/train/tomato_bacterial_spot/image_0918.jpg,cached
PlantDoc,pepper_healthy,https://raw.githubusercontent.com/pratikkayal/PlantDoc-Dataset/master/train/Bell_pepper%20leaf/green-pepper-leaves-11364990.jpg,train,image_0919,/content/selected_images/PlantDoc/train/pepper_healthy/image_0919.jpg,cached
PlantVillage,pepper_healthy,https://raw.githubusercontent.com/spMohanty/PlantVillage-Dataset/master/raw/color/Pepper%2C_bell___healthy/495a82d9-e4ad-41d8-8e66-00a60f44d15b___JR_HL%208276.JPG,train,image_0920,/content/selected_images/PlantVillage/train/pepper_healthy/image_0920.jpg,cached
PlantVillage,tomato_septoria_leaf_spot,https://raw.githubusercontent.com/spMohanty/PlantVillage-Dataset/master/raw/color/Tomato___Septoria_leaf_spot/86069a9f-3334-496c-a6bb-6e77a138a3b9___Matt.S_CG%202519.JPG,train,image_0921,/content/selected_images/PlantVillage/train/tomato_septoria_leaf_spot/image_0921.jpg,cached
PlantDoc,pepper_leaf_spot,https://raw.githubusercontent.com/pratikkayal/PlantDoc-Dataset/master/test/Bell_pepper%20leaf%20spot/pepper-spot.jpg,train,image_0922,/content/selected_images/PlantDoc/train/pepper_leaf_spot/image_0922.jpg,cached
PlantDoc,tomato_leaf_mould,https://raw.githubusercontent.com/pratikkayal/PlantDoc-Dataset/master/train/Tomato%20mold%20leaf/dscn6690.jpg,train,image_0923,/content/selected_images/PlantDoc/train/tomato_leaf_mould/image_0923.jpg,cached
PlantDoc,tomato_early_blight,https://raw.githubusercontent.com/pratikkayal/PlantDoc-Dataset/master/test/Tomato%20Early%20blight%20leaf/early_blight1-150x150.jpg,test,image_0924,/content/selected_images/PlantDoc/test/tomato_early_blight/image_0924.jpg,cached
PlantVillage,tomato_early_blight,https://raw.githubusercontent.com/spMohanty/PlantVillage-Dataset/master/raw/color/Tomato___Early_blight/64e682a8-ff23-4b50-a656-72b090f5b43a___RS_Erly.B%209478.JPG,train,image_0925,/content/selected_images/PlantVillage/train/tomato_early_blight/image_0925.jpg,cached
PlantVillage,pepper_healthy,https://raw.githubusercontent.com/spMohanty/PlantVillage-Dataset/master/raw/color/Pepper%2C_bell___healthy/c8ee158a-2717-486e-af9d-a0dd604da62b___JR_HL%207897.JPG,train,image_0926,/content/selected_images/PlantVillage/train/pepper_healthy/image_0926.jpg,cached
PlantVillage,tomato_late_blight,https://raw.githubusercontent.com/spMohanty/PlantVillage-Dataset/master/raw/color/Tomato___Late_blight/4dbcd899-49fd-4292-9931-d5857b5501df___RS_Late.B%206168.JPG,train,image_0927,/content/selected_images/PlantVillage/train/tomato_late_blight/image_0927.jpg,cached
PlantVillage,tomato_septoria_leaf_spot,https://raw.githubusercontent.com/spMohanty/PlantVillage-Dataset/master/raw/color/Tomato___Septoria_leaf_spot/d37daba6-3681-4b5f-961f-07bef457325f___Matt.S_CG%207522.JPG,test,image_0928,/content/selected_images/PlantVillage/test/tomato_septoria_leaf_spot/image_0928.jpg,cached
PlantVillage,tomato_healthy,https://raw.githubusercontent.com/spMohanty/PlantVillage-Dataset/master/raw/color/Tomato___healthy/9662364c-aaba-45e3-b907-10792d60578c___GH_HL%20Leaf%20220.JPG,train,image_0929,/content/selected_images/PlantVillage/train/tomato_healthy/image_0929.jpg,cached
PlantVillage,tomato_early_blight,https://raw.githubusercontent.com/spMohanty/PlantVillage-Dataset/master/raw/color/Tomato___Early_blight/74b3c6cf-a35b-481b-aa22-7483a52bff76___RS_Erly.B%207792.JPG,test,image_0930,/content/selected_images/PlantVillage/test/tomato_early_blight/image_0930.jpg,cached
PlantVillage,tomato_bacterial_spot,https://raw.githubusercontent.com/spMohanty/PlantVillage-Dataset/master/raw/color/Tomato___Bacterial_spot/a3085acc-b437-4987-997b-a2be5b5e9c0d___GCREC_Bact.Sp%203680.JPG,train,image_0931,/content/selected_images/PlantVillage/train/tomato_bacterial_spot/image_0931.jpg,cached
PlantVillage,tomato_leaf_mould,https://raw.githubusercontent.com/spMohanty/PlantVillage-Dataset/master/raw/color/Tomato___Leaf_Mold/03c6374e-c292-440e-b2e3-a70c5e64562a___Crnl_L.Mold%208935.JPG,train,image_0932,/content/selected_images/PlantVillage/train/tomato_leaf_mould/image_0932.jpg,cached
PlantDoc,tomato_late_blight,https://raw.githubusercontent.com/pratikkayal/PlantDoc-Dataset/master/train/Tomato%20leaf%20late%20blight/dsc_8140cs.jpg,train,image_0933,/content/selected_images/PlantDoc/train/tomato_late_blight/image_0933.jpg,cached
PlantVillage,tomato_leaf_mould,https://raw.githubusercontent.com/spMohanty/PlantVillage-Dataset/master/raw/color/Tomato___Leaf_Mold/b8fc0a5c-ffce-488e-ae68-f4a268f8817b___Crnl_L.Mold%209157.JPG,train,image_0934,/content/selected_images/PlantVillage/train/tomato_leaf_mould/image_0934.jpg,cached
PlantDoc,pepper_healthy,https://raw.githubusercontent.com/pratikkayal/PlantDoc-Dataset/master/train/Bell_pepper%20leaf/v9hX3.jpg,test,image_0935,/content/selected_images/PlantDoc/test/pepper_healthy/image_0935.jpg,cached
PlantVillage,tomato_late_blight,https://raw.githubusercontent.com/spMohanty/PlantVillage-Dataset/master/raw/color/Tomato___Late_blight/8e06d830-df85-4b76-be46-c7814bedcd51___GHLB2%20Leaf%208907.JPG,train,image_0936,/content/selected_images/PlantVillage/train/tomato_late_blight/image_0936.jpg,cached
PlantDoc,tomato_early_blight,https://raw.githubusercontent.com/pratikkayal/PlantDoc-Dataset/master/train/Tomato%20Early%20blight%20leaf/confused-bacterial-canker-early-blight-zoom.JPG.jpg,test,image_0937,/content/selected_images/PlantDoc/test/tomato_early_blight/image_0937.jpg,cached
PlantVillage,tomato_late_blight,https://raw.githubusercontent.com/spMohanty/PlantVillage-Dataset/master/raw/color/Tomato___Late_blight/4710d5cd-08f7-44ae-91c1-99204f1c135b___RS_Late.B%206132.JPG,train,image_0938,/content/selected_images/PlantVillage/train/tomato_late_blight/image_0938.jpg,cached
PlantDoc,tomato_bacterial_spot,https://raw.githubusercontent.com/pratikkayal/PlantDoc-Dataset/master/train/Tomato%20leaf%20bacterial%20spot/IMG_2348.jpg,train,image_0939,/content/selected_images/PlantDoc/train/tomato_bacterial_spot/image_0939.jpg,cached
PlantVillage,tomato_healthy,https://raw.githubusercontent.com/spMohanty/PlantVillage-Dataset/master/raw/color/Tomato___healthy/2d02a0d6-0734-4ac7-957f-44f2a011fdc3___RS_HL%200375.JPG,train,image_0940,/content/selected_images/PlantVillage/train/tomato_healthy/image_0940.jpg,cached
PlantDoc,tomato_bacterial_spot,https://raw.githubusercontent.com/pratikkayal/PlantDoc-Dataset/master/train/Tomato%20leaf%20bacterial%20spot/110608-01-8356c-lg.jpg,train,image_0941,/content/selected_images/PlantDoc/train/tomato_bacterial_spot/image_0941.jpg,cached
PlantDoc,tomato_leaf_mould,https://raw.githubusercontent.com/pratikkayal/PlantDoc-Dataset/master/train/Tomato%20mold%20leaf/tomato_fulvia.jpg,train,image_0942,/content/selected_images/PlantDoc/train/tomato_leaf_mould/image_0942.jpg,cached
PlantVillage,pepper_leaf_spot,https://raw.githubusercontent.com/spMohanty/PlantVillage-Dataset/master/raw/color/Pepper%2C_bell___Bacterial_spot/b34482ab-b18b-4d93-b3f6-9143a7e5c9b0___JR_B.Spot%203394.JPG,train,image_0943,/content/selected_images/PlantVillage/train/pepper_leaf_spot/image_0943.jpg,cached
PlantVillage,tomato_leaf_mould,https://raw.githubusercontent.com/spMohanty/PlantVillage-Dataset/master/raw/color/Tomato___Leaf_Mold/c498f92f-5940-43ed-982b-110e5dc67b20___Crnl_L.Mold%207142.JPG,test,image_0944,/content/selected_images/PlantVillage/test/tomato_leaf_mould/image_0944.jpg,cached
PlantVillage,pepper_leaf_spot,https://raw.githubusercontent.com/spMohanty/PlantVillage-Dataset/master/raw/color/Pepper%2C_bell___Bacterial_spot/12f47cff-1a75-47ec-99d2-01720786e478___NREC_B.Spot%201859.JPG,train,image_0945,/content/selected_images/PlantVillage/train/pepper_leaf_spot/image_0945.jpg,cached
PlantVillage,tomato_septoria_leaf_spot,https://raw.githubusercontent.com/spMohanty/PlantVillage-Dataset/master/raw/color/Tomato___Septoria_leaf_spot/a90aa234-3af2-4fe7-b8eb-415427e16700___Matt.S_CG%202484.JPG,train,image_0946,/content/selected_images/PlantVillage/train/tomato_septoria_leaf_spot/image_0946.jpg,cached
PlantVillage,tomato_late_blight,https://raw.githubusercontent.com/spMohanty/PlantVillage-Dataset/master/raw/color/Tomato___Late_blight/0d98a9eb-18e7-47e7-9010-196189bae113___RS_Late.B%205047.JPG,train,image_0947,/content/selected_images/PlantVillage/train/tomato_late_blight/image_0947.jpg,cached
PlantVillage,tomato_bacterial_spot,https://raw.githubusercontent.com/spMohanty/PlantVillage-Dataset/master/raw/color/Tomato___Bacterial_spot/bac8ed42-ef06-44b8-b8da-9947438c63df___GCREC_Bact.Sp%206094.JPG,train,image_0948,/content/selected_images/PlantVillage/train/tomato_bacterial_spot/image_0948.jpg,cached
PlantVillage,tomato_septoria_leaf_spot,https://raw.githubusercontent.com/spMohanty/PlantVillage-Dataset/master/raw/color/Tomato___Septoria_leaf_spot/2eb010be-cfb9-40cf-9b69-0521e5ecf2a1___Matt.S_CG%201263.JPG,train,image_0949,/content/selected_images/PlantVillage/train/tomato_septoria_leaf_spot/image_0949.jpg,cached
PlantVillage,tomato_healthy,https://raw.githubusercontent.com/spMohanty/PlantVillage-Dataset/master/raw/color/Tomato___healthy/651c7556-f25e-46b9-97db-4793a2a3b642___RS_HL%200219.JPG,train,image_0950,/content/selected_images/PlantVillage/train/tomato_healthy/image_0950.jpg,cached
PlantDoc,tomato_healthy,https://raw.githubusercontent.com/pratikkayal/PlantDoc-Dataset/master/train/Tomato%20leaf/Fig-2.jpg,train,image_0951,/content/selected_images/PlantDoc/train/tomato_healthy/image_0951.jpg,cached
PlantVillage,pepper_healthy,https://raw.githubusercontent.com/spMohanty/PlantVillage-Dataset/master/raw/color/Pepper%2C_bell___healthy/0ade14b6-8937-43ea-93eb-98343af6bae7___JR_HL%208026.JPG,test,image_0952,/content/selected_images/PlantVillage/test/pepper_healthy/image_0952.jpg,cached
PlantDoc,tomato_bacterial_spot,https://raw.githubusercontent.com/pratikkayal/PlantDoc-Dataset/master/train/Tomato%20leaf%20bacterial%20spot/bacterial-spot-of-tomato-7-638.jpg,train,image_0953,/content/selected_images/PlantDoc/train/tomato_bacterial_spot/image_0953.jpg,cached
PlantVillage,pepper_leaf_spot,https://raw.githubusercontent.com/spMohanty/PlantVillage-Dataset/master/raw/color/Pepper%2C_bell___Bacterial_spot/5f4f7469-3f1c-4f29-a5f7-68f2e57ce261___JR_B.Spot%209030.JPG,train,image_0954,/content/selected_images/PlantVillage/train/pepper_leaf_spot/image_0954.jpg,cached
PlantVillage,pepper_leaf_spot,https://raw.githubusercontent.com/spMohanty/PlantVillage-Dataset/master/raw/color/Pepper%2C_bell___Bacterial_spot/ca89aafd-ce2f-4eaf-96ab-362bf91311b9___JR_B.Spot%208883.JPG,train,image_0955,/content/selected_images/PlantVillage/train/pepper_leaf_spot/image_0955.jpg,cached
PlantVillage,tomato_early_blight,https://raw.githubusercontent.com/spMohanty/PlantVillage-Dataset/master/raw/color/Tomato___Early_blight/89e0c6b5-8812-4a16-92eb-e63401b50051___RS_Erly.B%209589.JPG,test,image_0956,/content/selected_images/PlantVillage/test/tomato_early_blight/image_0956.jpg,cached
PlantDoc,tomato_leaf_mould,https://raw.githubusercontent.com/pratikkayal/PlantDoc-Dataset/master/train/Tomato%20mold%20leaf/OLU13.jpg,test,image_0957,/content/selected_images/PlantDoc/test/tomato_leaf_mould/image_0957.jpg,cached
PlantVillage,tomato_septoria_leaf_spot,https://raw.githubusercontent.com/spMohanty/PlantVillage-Dataset/master/raw/color/Tomato___Septoria_leaf_spot/c06b8139-8834-4755-b335-d1041d082aae___JR_Sept.L.S%202536.JPG,test,image_0958,/content/selected_images/PlantVillage/test/tomato_septoria_leaf_spot/image_0958.jpg,cached
PlantVillage,pepper_leaf_spot,https://raw.githubusercontent.com/spMohanty/PlantVillage-Dataset/master/raw/color/Pepper%2C_bell___Bacterial_spot/b3085525-974e-4d75-99a4-7d18e06e13f6___JR_B.Spot%203317.JPG,train,image_0959,/content/selected_images/PlantVillage/train/pepper_leaf_spot/image_0959.jpg,cached
